#,question_id,pubmed_id,answer,short_answer,mean_distance_a,ARS,hallucination_index,vector_distances,vector_scores,bm25_scores,rerank_sentiments,rerank_sentiments,question,QRS,vector_distances_question,vector_scores_question,bm25_scores_raw,bm25_scores_question,reranked_score,ranks,ground_truth,correctness
0,1,21645374,"Yes, mitochondria actively remodel lace plant leaves during PCD, shown by their dynamic redistribution, clustering with chloroplasts around the nucleus, and altered membrane potential.",yes,106.356,69,0,"[94.559, 101.198, 123.31]","[0.734, 0.712, 0.639]","[1.338, 0.607]","[['neutral'], ['neutral'], ['neutral']]","[['neutral'], ['neutral']]",Do mitochondria play a role in remodelling lace plant leaves during programmed cell death?,91,"[153.808, 48.806, 20.132]","[0.746, 0.961, 1.019]","[0, 28.47, 29.29]","[0, 1.424, 1.465]","[0.764, 0.96, 0.221]","[2, 1, 3]",yes,correct
1,2,26852225,"No, adjustment for reporting heterogeneity is not necessary for managing sleep and energy problems among Japanese adults.",no,143.087,57,27,"[109.046, 118.18, 125.229, 126.804, 151.438, 152.755, 157.03, 157.089, 190.209]","[0.686, 0.656, 0.633, 0.628, 0.547, 0.542, 0.528, 0.528, 0.419]","[1.313, 1.301]","[['neutral'], ['neutral'], ['neutral'], ['neutral'], ['neutral'], ['neutral'], ['contradiction'], ['neutral'], ['neutral']]","[['neutral'], ['neutral']]",Is adjustment for reporting heterogeneity necessary in sleep disorders?,71,"[180.916, 198.871, 199.039, 155.561, 176.42, 194.942, 182.22, 165.223, 82.817]","[0.691, 0.654, 0.654, 0.743, 0.7, 0.662, 0.688, 0.723, 0.891]","[0, 0, 0, 0, 0, 0, 0, 11.36, 13.04]","[0, 0, 0, 0, 0, 0, 0, 0.568, 0.652]","[0.998, 0.998, 0.997, 0.994, 0.991, 0.991, 0.843, 0.997, 0.994]","[1, 2, 4, 6, 7, 8, 9, 3, 5]",no,correct
2,3,17113061,"No, the study found cIMT was nearly identical between low‑HDL mutation carriers and controls, indicating no significant increase.",no,293.693,8,73,"[243.879, 253.428, 253.762, 287.326, 326.435, 397.329]","[0.243, 0.212, 0.211, 0.1, -0.028, -0.261]","[2.386, 0.435]","[['neutral'], ['contradiction'], ['contradiction'], ['neutral'], ['neutral'], ['neutral']]","[['neutral'], ['neutral']]",Do mutations causing low HDL-C promote increased carotid intima-media thickness?,64,"[222.298, 200.015, 239.571, 215.65, 164.306, 194.981]","[0.606, 0.652, 0.571, 0.62, 0.725, 0.662]","[0, 0, 0, 0, 17.25, 24.25]","[0, 0, 0, 0, 0.862, 1.213]","[0.868, 0.789, 0.708, 0.44, 0.405, 0.238]","[1, 2, 3, 4, 5, 6]",no,correct
3,4,25957366,"No, the study found no increase in identification or screening of at‑risk patients after prompting PCPs with family history risk alerts.",no,237.437,26,95,"[156.379, 190.355, 198.697, 246.775, 302.074, 330.342]","[0.53, 0.419, 0.391, 0.233, 0.052, -0.041]","[1.655, 1.227]","[['entailment'], ['neutral'], ['neutral'], ['neutral'], ['neutral'], ['neutral']]","[['neutral'], ['neutral']]",Prompting Primary Care Providers about Increased Patient Risk As a Result of Family History: Does It Work?,20,"[428.988, 423.714, 429.151, 421.579, 421.225, 389.778, 0, 0]","[0.184, 0.194, 0.183, 0.199, 0.199, 0.264, 0, 0]","[0, 0, 0, 0, 0, 0, 13.04, 13.1]","[0, 0, 0, 0, 0, 0, 0.652, 0.655]","[0.996, 0.994, 0.987, 0.982, 0.359, 0.138, 0.99, 0.34]","[1, 2, 3, 4, 5, 6, 1, 2]",no,correct
4,5,26578404,"Yes, patient‑controlled opioid therapy for breathlessness is a novel, evidence‑based approach in palliative care, with studies demonstrating its safety and efficacy.",yes,204.759,37,71,"[185.06, 224.458]","[0.436, 0.307]",[1.085],"[['neutral'], ['neutral']]",[['neutral']],Patient-Controlled Therapy of Breathlessness in Palliative Care: A New Therapeutic Concept for Opioid Administration?,38,"[431.979, 230.194]","[0.177, 0.59]","[0, 20.3]","[0, 1.015]","[0.755, 0.898]","[2, 1]",yes,correct
5,6,21669959,"Yes, the study shows that low‑income, minority families with smokers are less likely to have total smoking bans, increasing infants’ secondhand smoke exposure and heightening the risk of significant health disparities.",yes,154.933,54,29,"[120.243, 144.043, 167.899, 187.548]","[0.649, 0.571, 0.493, 0.428]","[2.524, 0.706]","[['entailment'], ['contradiction'], ['neutral'], ['neutral']]","[['neutral'], ['neutral']]",Secondhand smoke risk in infants discharged from an NICU: potential for significant health disparities?,71,"[164.036, 179.316, 162.245, 187.63, 0, 0]","[0.725, 0.694, 0.729, 0.677, 0, 0]","[0, 0, 0, 0, 16.05, 17.73]","[0, 0, 0, 0, 0.802, 0.886]","[0.67, 0.656, 0.529, 0.521, 0.986, 0.966]","[1, 2, 3, 4, 1, 2]",yes,correct
6,7,23806388,"Yes, the study found that the four BCR‑nomograms (DPC, Kattan postoperative, JHH, CPDR/CaPSURE) predicted prostate‑cancer‑specific mortality and aggressive BCR with higher accuracy than they predicted overall BCR.",yes,177.456,46,34,"[138.807, 151.126, 164.043, 164.117, 178.371, 178.561, 183.438, 187.72, 191.645, 236.731]","[0.588, 0.548, 0.505, 0.505, 0.458, 0.458, 0.442, 0.428, 0.415, 0.266]","[4.325, 1.956, 0.611]","[['neutral'], ['neutral'], ['neutral'], ['neutral'], ['neutral'], ['neutral'], ['neutral'], ['neutral'], ['neutral'], ['neutral']]","[['neutral'], ['neutral'], ['neutral']]",Do nomograms designed to predict biochemical recurrence (BCR) do a better job of predicting more clinically relevant prostate cancer outcomes than BCR?,73,"[123.166, 148.942, 154.48, 183.276, 179.106, 163.812, 172.551, 198.604, 91.796, 182.768, 0]","[0.809, 0.756, 0.745, 0.686, 0.694, 0.726, 0.708, 0.655, 0.873, 0.687, 0]","[0, 0, 0, 0, 0, 0, 0, 0, 32.36, 31.28, 31.49]","[0, 0, 0, 0, 0, 0, 0, 0, 1.618, 1.564, 1.575]","[0.996, 0.971, 0.938, 0.845, 0.355, 0.298, 0.182, 0.135, 0.991, 0.976, 0.987]","[1, 4, 5, 6, 7, 8, 9, 10, 2, 3, 2]",yes,correct
7,8,17919952,"Yes, reports of mechanical dysfunction in chronic oro‑facial pain are linked to somatisation, as self‑reported factors are confounded by psychological variables and are common across other unexplained syndromes.",yes,121.378,65,18,"[75.099, 89.824, 92.589, 104.098, 116.847, 117.426, 126.542, 133.042, 166.292, 192.02]","[0.798, 0.749, 0.74, 0.702, 0.66, 0.658, 0.629, 0.607, 0.498, 0.413]","[3.035, 1.54]","[['neutral'], ['contradiction'], ['neutral'], ['neutral'], ['contradiction'], ['neutral'], ['neutral'], ['neutral'], ['neutral'], ['neutral']]","[['neutral'], ['neutral']]",Are reports of mechanical dysfunction in chronic oro-facial pain related to somatisation?,73,"[167.292, 186.148, 177.116, 178.541, 143.813, 191.587, 163.688, 196.503, 130.048, 81.513]","[0.719, 0.68, 0.698, 0.696, 0.767, 0.669, 0.726, 0.659, 0.795, 0.894]","[0, 0, 0, 0, 0, 0, 0, 0, 18.32, 20.46]","[0, 0, 0, 0, 0, 0, 0, 0, 0.916, 1.023]","[0.994, 0.988, 0.986, 0.983, 0.982, 0.818, 0.525, 0.136, 0.958, 0.355]","[1, 2, 3, 4, 5, 7, 8, 10, 6, 9]",yes,correct
8,9,10966943,"No, amblyopia is not permanent if treated early; occlusion therapy can improve vision, especially when started between 6 months and 9 years.",no,179.143,46,53,"[132.061, 160.008, 171.544, 204.589, 227.512]","[0.61, 0.519, 0.481, 0.372, 0.297]",[0.46],"[['entailment'], ['contradiction'], ['neutral'], ['neutral'], ['contradiction']]",[['contradiction']],Amblyopia: is visual loss permanent?,50,"[280.021, 293.456, 311.559, 286.952, 189.453]","[0.488, 0.461, 0.424, 0.474, 0.673]","[0, 0, 0, 0, 11.46]","[0, 0, 0, 0, 0.573]","[0.994, 0.88, 0.802, 0.405, 0.985]","[1, 3, 4, 5, 2]",no,correct
9,10,28707539,"Yes, a single‑slice VAT area—particularly 4 cm above the lower margin of L3—shows an r ≈ 0.98 correlation with total VAT volume, indicating it can reliably represent visceral adipose tissue volume.",yes,142.592,58,20,"[124.972, 127.858, 174.945]","[0.634, 0.624, 0.469]","[4.733, 1.825]","[['neutral'], ['neutral'], ['neutral']]","[['neutral'], ['neutral']]",Visceral adipose tissue area measurement at a single level: can it represent visceral adipose tissue volume?,78,"[177.447, 85.031, 145.97]","[0.698, 0.887, 0.762]","[0, 32.07, 21.39]","[0, 1.604, 1.07]","[0.921, 0.959, 0.77]","[2, 1, 3]",yes,correct
10,11,26298839,"Yes, the randomized controlled trial showed significant improvements in voice function and quality of life in the genuine acupuncture group compared to sham and no‑treatment controls.",yes,162.351,51,73,"[134.618, 139.138, 140.596, 141.333, 175.425, 179.975, 189.661, 198.059]","[0.602, 0.587, 0.582, 0.58, 0.468, 0.453, 0.421, 0.394]","[1.627, 0.859, 0.073]","[['neutral'], ['neutral'], ['contradiction'], ['neutral'], ['contradiction'], ['entailment'], ['entailment'], ['neutral']]","[['neutral'], ['neutral'], ['neutral']]",Is Acupuncture Efficacious for Treating Phonotraumatic Vocal Pathologies?,21,"[465.262, 385.344, 439.314, 432.122, 462.589, 322.877, 322.877, 458.524, 0, 0, 0]","[0.109, 0.273, 0.162, 0.177, 0.115, 0.4, 0.4, 0.123, 0, 0, 0]","[0, 0, 0, 0, 0, 0, 0, 0, 14.87, 15.31, 14.47]","[0, 0, 0, 0, 0, 0, 0, 0, 0.743, 0.766, 0.724]","[0.974, 0.971, 0.936, 0.931, 0.923, 0.697, 0.697, 0.26, 0.991, 0.863, 0.114]","[1, 2, 3, 4, 5, 7, 8, 9, 1, 2, 3]",yes,correct
11,12,19054501,"Yes, studies suggest motion perception deficits in schizophrenia arise from impaired extraretinal motion processing linked to abnormal smooth pursuit, indicating the deficits are largely a consequence of eye‑tracking abnormalities.",yes,73.966,80,0,"[57.205, 59.303, 68.099, 68.22, 72.2, 81.278, 83.79, 101.632]","[0.856, 0.849, 0.821, 0.82, 0.807, 0.777, 0.769, 0.71]","[1.835, 1.835, 1.835, 0.751, 0.751, 0.751]","[['neutral'], ['neutral'], ['neutral'], ['neutral'], ['neutral'], ['contradiction'], ['neutral'], ['contradiction'], ['neutral'], ['neutral'], ['neutral'], ['neutral'], ['neutral'], ['contradiction'], ['neutral'], ['contradiction'], ['neutral'], ['neutral'], ['neutral'], ['neutral'], ['neutral'], ['contradiction'], ['neutral'], ['contradiction']]","[['neutral'], ['contradiction'], ['neutral'], ['contradiction'], ['neutral'], ['contradiction']]",Is motion perception deficit in schizophrenia a consequence of eye-tracking abnormality?,86,"[93.955, 98.787, 105.824, 112.868, 83.626, 105.611, 100.571, 75.655]","[0.868, 0.859, 0.844, 0.83, 0.89, 0.845, 0.855, 0.906]","[0, 0, 0, 0, 0, 0, 17.7, 21.84]","[0, 0, 0, 0, 0, 0, 0.885, 1.092]","[0.935, 0.855, 0.355, 0.335, 0.125, 0.117, 0.993, 0.991]","[3, 4, 5, 6, 7, 8, 1, 2]",yes,correct
12,13,24237112,"Yes, PSNs achieved lower PMPM expenditures than HMOs, with $7 more savings per member per month, indicating a cost advantage over both HMOs and primary‑care case management.",yes,241.53,25,61,"[206.071, 238.019, 239.866, 282.164]","[0.367, 0.262, 0.256, 0.117]","[2.731, 2.358]","[['neutral'], ['neutral'], ['neutral'], ['neutral']]","[['neutral'], ['neutral']]",Do provider service networks result in lower expenditures compared with HMOs or primary care case management in Florida's Medicaid program?,62,"[253.774, 175.266, 221.626, 202.359, 0]","[0.542, 0.702, 0.607, 0.647, 0]","[0, 0, 0, 29.68, 17.62]","[0, 0, 0, 1.484, 0.881]","[0.992, 0.949, 0.122, 0.992, 0.973]","[2, 3, 4, 1, 2]",yes,correct
13,14,11340218,"Maybe, the study shows a non‑significant trend toward better outcomes (OR≈1.4) but confidence intervals include 1, so evidence is inconclusive.",maybe,266.933,17,57,"[221.695, 277.497, 301.606]","[0.316, 0.133, 0.053]",[0.356],"[['neutral'], ['neutral'], ['neutral']]",[['neutral']],Does pretreatment with statins improve clinical outcome after stroke?,74,"[179.477, 188.945, 100.046]","[0.694, 0.674, 0.856]","[0, 0, 15.38]","[0, 0, 0.769]","[0.286, 0.212, 0.896]","[2, 3, 1]",no,incorrect
14,15,25481573,"Yes, fluent fonts and titles reduce perceived complexity, boost attractiveness, and improve recruitment for an antenatal intervention.",yes,196.928,40,41,"[130.843, 144.079, 175.079, 177.357, 185.255, 202.467, 202.88, 206.702, 214.98, 216.179, 217.011, 221.833, 265.396]","[0.614, 0.571, 0.469, 0.462, 0.436, 0.379, 0.378, 0.365, 0.338, 0.334, 0.331, 0.315, 0.172]","[2.191, 0.263]","[['neutral'], ['contradiction'], ['neutral'], ['neutral'], ['neutral'], ['neutral'], ['neutral'], ['neutral'], ['neutral'], ['neutral'], ['neutral'], ['neutral'], ['neutral']]","[['neutral'], ['neutral']]",Processing fluency effects: can the content and presentation of participant information sheets influence recruitment and participation for an antenatal intervention?,71,"[157.48, 158.891, 146.655, 233.141, 204.783, 197.855, 177.603, 203.657, 176.34, 179.743, 218.71, 123.616, 76.621]","[0.739, 0.736, 0.761, 0.584, 0.642, 0.656, 0.697, 0.644, 0.7, 0.693, 0.613, 0.808, 0.904]","[0, 0, 0, 0, 0, 0, 0, 0, 0, 0, 0, 21.51, 25.85]","[0, 0, 0, 0, 0, 0, 0, 0, 0, 0, 0, 1.076, 1.293]","[0.994, 0.99, 0.989, 0.981, 0.974, 0.972, 0.958, 0.871, 0.84, 0.834, 0.721, 0.995, 0.969]","[2, 3, 4, 5, 6, 7, 9, 10, 11, 12, 13, 1, 8]",yes,correct
15,16,23177368,"No, immediate breast reconstruction does not compromise the delivery of adjuvant chemotherapy.",no,155.023,53,27,"[119.243, 134.047, 144.356, 150.311, 154.68, 158.774, 163.504, 175.643, 194.653]","[0.653, 0.604, 0.57, 0.55, 0.536, 0.523, 0.507, 0.467, 0.405]","[0.947, 0.743, 0.716]","[['neutral'], ['neutral'], ['neutral'], ['neutral'], ['neutral'], ['neutral'], ['neutral'], ['neutral'], ['neutral']]","[['neutral'], ['neutral'], ['neutral']]",Does immediate breast reconstruction compromise the delivery of adjuvant chemotherapy?,74,"[157.447, 155.879, 188.194, 196.642, 188.493, 134.537, 135.427, 140.102, 124.477]","[0.739, 0.742, 0.676, 0.659, 0.675, 0.786, 0.784, 0.774, 0.806]","[0, 0, 0, 0, 0, 0, 18.79, 17.1, 21.07]","[0, 0, 0, 0, 0, 0, 0.939, 0.855, 1.053]","[0.702, 0.531, 0.416, 0.389, 0.176, 0.131, 0.993, 0.987, 0.895]","[4, 5, 6, 7, 8, 9, 1, 2, 3]",no,correct
16,17,17179167,"Maybe, evidence is inconclusive; some studies detect HPV in pterygia, others do not.",maybe,226.699,30,32,[226.699],[0.299],"[0.97, 0.348]",[['neutral']],"[['contradiction'], ['contradiction']]",Human papillomavirus and pterygium. Is the virus a risk factor?,91,"[72.891, 0, 0]","[0.912, 0, 0]","[0, 12.74, 12.49]","[0, 0.637, 0.624]","[0.144, 0.956, 0.704]","[1, 1, 2]",maybe,correct
17,18,27491658,"Yes, studies show that transcatheter aortic valve implantation can be performed safely without balloon predilatation, with no significant difference in early hemodynamic results or complication rates.",yes,163.334,51,36,"[77.206, 118.649, 150.352, 182.323, 194.641, 200.38, 219.784]","[0.791, 0.654, 0.55, 0.445, 0.405, 0.386, 0.322]","[4.329, 0.896]","[['neutral'], ['entailment'], ['neutral'], ['neutral'], ['neutral'], ['neutral'], ['neutral']]","[['neutral'], ['neutral']]",Can predilatation in transcatheter aortic valve implantation be omitted?,66,"[227.681, 232.31, 229.008, 231.309, 208.154, 163.316, 95.914]","[0.595, 0.586, 0.592, 0.588, 0.635, 0.727, 0.864]","[0, 0, 0, 0, 0, 17.83, 23.12]","[0, 0, 0, 0, 0, 0.892, 1.156]","[0.992, 0.99, 0.973, 0.951, 0.947, 0.995, 0.98]","[2, 3, 5, 6, 7, 1, 4]",yes,correct
18,19,19822586,"Yes, autoerotic asphyxiation can result in lethal outcomes.",yes,222.919,31,61,"[154.908, 189.242, 227.015, 235.531, 241.26, 245.124, 267.351]","[0.535, 0.423, 0.298, 0.27, 0.252, 0.239, 0.166]","[1.11, 0.238]","[['neutral'], ['neutral'], ['neutral'], ['neutral'], ['entailment'], ['neutral'], ['entailment']]","[['neutral'], ['entailment']]",Autoerotic asphyxiation: secret pleasure--lethal outcome?,56,"[257.412, 237.226, 218.332, 237.335, 262.66, 218.066, 272.152]","[0.534, 0.576, 0.614, 0.575, 0.524, 0.615, 0.504]","[0, 0, 0, 0, 0, 17.66, 9.01]","[0, 0, 0, 0, 0, 0.883, 0.45]","[0.987, 0.95, 0.855, 0.582, 0.153, 0.989, 0.225]","[2, 3, 4, 5, 7, 1, 6]",yes,correct
19,20,22453060,"Yes, a four‑diagram manual allows laypersons to insert and ventilate with the Laryngeal Mask Supreme® in a manikin, achieving a 79.3 % success rate within two minutes.",yes,205.529,37,62,"[94.349, 138.638, 165.878, 168.386, 214.968, 217.603, 221.107, 231.644, 239.183, 261.312, 307.749]","[0.734, 0.589, 0.499, 0.491, 0.338, 0.329, 0.318, 0.283, 0.258, 0.186, 0.033]","[3.133, 0.812, 0.428]","[['neutral'], ['neutral'], ['neutral'], ['neutral'], ['neutral'], ['neutral'], ['neutral'], ['neutral'], ['neutral'], ['neutral'], ['neutral']]","[['neutral'], ['neutral'], ['neutral']]",Does a 4 diagram manual enable laypersons to operate the Laryngeal Mask SupremeÂ®?,49,"[286.248, 253.178, 336.165, 277.386, 335.38, 258.786, 313.654, 337.421, 275.806, 238.193, 148.056]","[0.475, 0.543, 0.373, 0.493, 0.375, 0.532, 0.419, 0.371, 0.497, 0.574, 0.758]","[0, 0, 0, 0, 0, 0, 0, 0, 15.26, 18.12, 23.89]","[0, 0, 0, 0, 0, 0, 0, 0, 0.763, 0.906, 1.194]","[0.993, 0.938, 0.917, 0.914, 0.583, 0.525, 0.459, 0.24, 0.996, 0.973, 0.781]","[2, 4, 5, 6, 8, 9, 10, 11, 1, 3, 7]",yes,correct
20,21,22427593,"Maybe, because normally sighted and visually‑impaired pedestrians are accurate and reliable when using vision (with or without hearing), but blind pedestrians are less accurate, especially under auditory‑only conditions.",maybe,158.13,52,22,"[115.736, 128.48, 135.867, 144.437, 148.846, 154.619, 166.434, 173.516, 176.632, 178.986, 179.524, 194.485]","[0.664, 0.622, 0.598, 0.57, 0.555, 0.536, 0.497, 0.474, 0.464, 0.456, 0.454, 0.405]","[3.663, 2.544, 1.343]","[['neutral'], ['neutral'], ['neutral'], ['contradiction'], ['neutral'], ['neutral'], ['neutral'], ['neutral'], ['neutral'], ['neutral'], ['neutral'], ['neutral']]","[['neutral'], ['neutral'], ['neutral']]","Are normally sighted, visually impaired, and blind pedestrians accurate and reliable at making street crossing decisions?",81,"[105.035, 138.87, 157.054, 128.515, 135.357, 123.864, 133.625, 150.098, 110.938, 79.008, 91.039, 100.928]","[0.846, 0.777, 0.739, 0.798, 0.784, 0.807, 0.787, 0.754, 0.834, 0.899, 0.874, 0.854]","[0, 0, 0, 0, 0, 0, 0, 0, 0, 35.55, 33.96, 28.26]","[0, 0, 0, 0, 0, 0, 0, 0, 0, 1.778, 1.698, 1.413]","[0.991, 0.99, 0.989, 0.988, 0.987, 0.955, 0.945, 0.792, 0.691, 0.994, 0.985, 0.984]","[2, 3, 4, 5, 6, 9, 10, 11, 12, 1, 7, 8]",maybe,correct
21,22,11570976,"No, it is drug‑induced granulomatous reaction to sulfasalazine, not Crohn’s disease.",no,257.884,20,88,"[245.558, 245.675, 258.852, 265.375, 273.962]","[0.237, 0.237, 0.194, 0.172, 0.144]","[0.661, 0.251]","[['neutral'], ['contradiction'], ['neutral'], ['entailment'], ['neutral']]","[['entailment'], ['neutral']]",Is it Crohn's disease?,34,"[324.836, 383.892, 408.617, 314.767, 318.139]","[0.396, 0.276, 0.225, 0.417, 0.41]","[0, 0, 0, 4.09, 3.9]","[0, 0, 0, 0.204, 0.195]","[0.991, 0.96, 0.536, 0.992, 0.429]","[2, 3, 4, 1, 5]",maybe,incorrect
22,23,27592038,"Yes, it can improve tinnitus in some patients with cervicogenic somatic tinnitus, but evidence is limited and larger, more rigorous trials are needed.",yes,148.261,56,17,"[98.008, 147.101, 152.655, 156.992, 166.28, 168.529]","[0.722, 0.561, 0.543, 0.528, 0.498, 0.491]","[1.193, 1.027]","[['neutral'], ['neutral'], ['neutral'], ['neutral'], ['neutral'], ['neutral']]","[['neutral'], ['neutral']]",Does multi-modal cervical physical therapy improve tinnitus in patients with cervicogenic somatic tinnitus?,83,"[106.787, 120.395, 169.269, 98.274, 113.045, 72.936, 0]","[0.842, 0.814, 0.715, 0.86, 0.829, 0.911, 0]","[0, 0, 0, 0, 0, 23.07, 35.35]","[0, 0, 0, 0, 0, 1.153, 1.768]","[0.943, 0.339, 0.335, 0.209, 0.106, 0.969, 0.323]","[2, 3, 4, 5, 6, 1, 2]",yes,correct
23,24,27044366,"No, they show low‑grade airway and systemic inflammation, with elevated sputum eosinophils, epithelial cells, and higher blood leukocytes, neutrophils, and lymphocytes compared to healthy subjects.",no,149.14,55,18,"[124.893, 126.689, 148.134, 150.881, 156.729, 162.726, 173.931]","[0.634, 0.628, 0.558, 0.549, 0.529, 0.51, 0.473]","[1.911, 1.846, 1.688]","[['neutral'], ['entailment'], ['contradiction'], ['entailment'], ['neutral'], ['neutral'], ['neutral']]","[['neutral'], ['neutral'], ['neutral']]",Detailed analysis of sputum and systemic inflammation in asthma phenotypes: are paucigranulocytic asthmatics really non-inflammatory?,83,"[101.891, 127.328, 135.443, 138.523, 140.989, 42.36, 100.757, 0]","[0.852, 0.8, 0.784, 0.777, 0.772, 0.974, 0.855, 0]","[0, 0, 0, 0, 0, 30.43, 23.04, 21.82]","[0, 0, 0, 0, 0, 1.521, 1.152, 1.091]","[0.994, 0.992, 0.967, 0.637, 0.166, 0.972, 0.894, 0.185]","[1, 2, 4, 6, 7, 3, 5, 3]",maybe,incorrect
24,25,23076787,"Yes, in market economies tax hikes are usually passed to retail prices, but in China they are not.",yes,236.652,27,52,"[191.678, 191.875, 204.218, 210.779, 243.168, 291.275, 323.573]","[0.415, 0.414, 0.373, 0.352, 0.245, 0.087, -0.019]",[0.795],"[['neutral'], ['neutral'], ['neutral'], ['neutral'], ['neutral'], ['neutral'], ['neutral']]",[['neutral']],Can increases in the cigarette tax rate be linked to cigarette retail prices?,71,"[170.843, 179.275, 184.276, 214.719, 149.328, 149.923, 147.717]","[0.711, 0.694, 0.684, 0.622, 0.755, 0.754, 0.759]","[0, 0, 0, 0, 0, 0, 24.32]","[0, 0, 0, 0, 0, 0, 1.216]","[0.992, 0.976, 0.905, 0.558, 0.178, 0.159, 0.981]","[1, 3, 4, 5, 6, 7, 2]",no,incorrect
25,26,22564465,"Yes, early outcome measures such as attendance rates differ by ethnicity, with Sami municipalities showing slightly higher attendance, though detection rates require further analysis.",yes,197.933,39,42,"[171.134, 184.52, 186.269, 187.885, 190.829, 193.848, 207.949, 261.032]","[0.482, 0.438, 0.432, 0.427, 0.417, 0.407, 0.361, 0.187]","[2.732, 1.004, 0.805]","[['neutral'], ['neutral'], ['neutral'], ['neutral'], ['neutral'], ['neutral'], ['neutral'], ['neutral']]","[['neutral'], ['neutral'], ['neutral']]",Mammographic screening in Sami speaking municipalities and a control group. Are early outcome measures influenced by ethnicity?,70,"[165.524, 198.504, 195.893, 222.086, 190.199, 97.381, 136.065, 194.48]","[0.722, 0.655, 0.66, 0.607, 0.672, 0.861, 0.782, 0.663]","[0, 0, 0, 0, 0, 19.8, 23.33, 16.18]","[0, 0, 0, 0, 0, 0.99, 1.166, 0.809]","[0.996, 0.992, 0.915, 0.874, 0.108, 0.994, 0.984, 0.284]","[1, 3, 5, 6, 8, 2, 4, 7]",yes,correct
26,27,27456836,"Yes, ECL assays (ECL‑IAA and ECL‑GADA) enhance prediction of time to type 1 diabetes in TrialNet autoantibody‑positive subjects.",yes,132.959,61,64,"[76.333, 145.907, 154.511, 155.087]","[0.794, 0.565, 0.537, 0.535]","[1.715, 1.58]","[['neutral'], ['neutral'], ['contradiction'], ['neutral']]","[['neutral'], ['neutral']]",Do Electrochemiluminescence Assays Improve Prediction of Time to Type 1 Diabetes in Autoantibody-Positive TrialNet Subjects?,22,"[431.044, 402.772, 422.043, 398.253, 0]","[0.179, 0.237, 0.198, 0.246, 0]","[0, 0, 0, 27.63, 24.74]","[0, 0, 0, 1.381, 1.237]","[0.952, 0.49, 0.123, 0.988, 0.995]","[2, 3, 4, 1, 1]",yes,correct
27,28,24160268,"No, a supportive man would cherish and stand by his wife, not discard her.",no,264.439,18,92,"[160.306, 368.571]","[0.518, -0.167]","[2.773, 0.145]","[['neutral'], ['contradiction']]","[['neutral'], ['contradiction']]","""Would a man smell a rose then throw it away?",32,"[357.983, 368.822]","[0.329, 0.307]","[15.89, 12.66]","[0.794, 0.633]","[0.88, 0.84]","[1, 2]",maybe,incorrect
28,29,18565233,"Yes, the BIP study post‑hoc analysis shows a lower colon cancer incidence in bezafibrate‑treated patients (8/1506 vs 17/1505), a 53 % risk reduction (HR 0.47, 95 % CI 0.2–1.1). The result is borderline significant and needs confirmation in prospective trials.",yes,155.332,53,27,"[88.506, 89.299, 96.807, 125.87, 136.592, 137.286, 139.762, 156.355, 165.032, 167.393, 261.777, 299.3]","[0.754, 0.751, 0.726, 0.631, 0.596, 0.593, 0.585, 0.531, 0.502, 0.494, 0.184, 0.061]","[2.236, 0.985, 0.435]","[['neutral'], ['neutral'], ['neutral'], ['neutral'], ['neutral'], ['neutral'], ['neutral'], ['neutral'], ['neutral'], ['neutral'], ['neutral'], ['neutral']]","[['neutral'], ['neutral'], ['neutral']]",Does the lipid-lowering peroxisome proliferator-activated receptors ligand bezafibrate prevent colon cancer in patients with coronary artery disease?,74,"[105.41, 150.571, 150.959, 163.726, 196.539, 193.895, 193.104, 195.74, 153.509, 79.306, 179.953, 101.234]","[0.845, 0.753, 0.752, 0.726, 0.659, 0.664, 0.666, 0.66, 0.747, 0.898, 0.693, 0.854]","[0, 0, 0, 0, 0, 0, 0, 0, 0, 27.49, 25.75, 25.7]","[0, 0, 0, 0, 0, 0, 0, 0, 0, 1.374, 1.287, 1.285]","[0.982, 0.979, 0.961, 0.901, 0.881, 0.87, 0.818, 0.183, 0.151, 0.996, 0.99, 0.988]","[4, 5, 6, 7, 8, 9, 10, 11, 12, 1, 2, 3]",yes,correct
29,30,22042121,"No, pre‑operative fasting is not required for abdominal surgery in rabbits; the study showed no gastric content and no hypoglycemia even without fasting.",no,166.546,50,32,"[129.058, 142.677, 144.323, 152.373, 180.125, 185.633, 186.533, 211.643]","[0.62, 0.576, 0.57, 0.544, 0.452, 0.434, 0.431, 0.349]","[1.694, 1.212, 0.621]","[['neutral'], ['neutral'], ['neutral'], ['neutral'], ['neutral'], ['neutral'], ['neutral'], ['neutral']]","[['neutral'], ['neutral'], ['neutral']]",Perioperative care in an animal model for training in abdominal surgery: is it necessary a preoperative fasting?,71,"[184.939, 225.545, 186.658, 171.027, 252.607, 189.567, 92.843, 64.566]","[0.682, 0.599, 0.679, 0.711, 0.544, 0.673, 0.871, 0.929]","[0, 0, 0, 0, 0, 15.27, 16.55, 16.29]","[0, 0, 0, 0, 0, 0.764, 0.828, 0.814]","[0.995, 0.966, 0.76, 0.252, 0.146, 0.993, 0.981, 0.976]","[1, 5, 6, 7, 8, 2, 3, 4]",no,correct
30,31,18322741,"No, the provided data does not indicate that laparoscopic foregut surgery reduces the risk of atrial fibrillation.",no,202.895,38,48,[202.895],[0.378],"[0.674, 0.36]",[['contradiction']],"[['neutral'], ['neutral']]",Does laparoscopic surgery decrease the risk of atrial fibrillation after foregut surgery?,64,"[206.472, 0, 0]","[0.638, 0, 0]","[0, 8.75, 9.85]","[0, 0.437, 0.492]","[0.174, 0.99, 0.438]","[1, 1, 2]",yes,incorrect
31,32,25691513,"Yes, communication disorders can impair the perception and decoding of musical messages, affecting how musical cues convey emotion or movement.",yes,136.638,60,24,"[98.883, 113.278, 115.812, 124.358, 124.818, 142.266, 144.837, 150.009, 155.754, 162.638, 170.366]","[0.719, 0.672, 0.664, 0.636, 0.634, 0.577, 0.568, 0.551, 0.533, 0.51, 0.485]","[1.849, 0.718]","[['neutral'], ['neutral'], ['neutral'], ['neutral'], ['contradiction'], ['neutral'], ['neutral'], ['entailment'], ['neutral'], ['neutral'], ['neutral']]","[['neutral'], ['neutral']]",Do communication disorders extend to musical messages?,71,"[128.116, 205.394, 193.291, 196.595, 170.853, 182.057, 170.762, 177.906, 132.823, 190.292, 131.295, 0]","[0.799, 0.641, 0.665, 0.659, 0.711, 0.688, 0.711, 0.697, 0.789, 0.672, 0.792, 0]","[0, 0, 0, 0, 0, 0, 0, 0, 0, 0, 12.12, 16.25]","[0, 0, 0, 0, 0, 0, 0, 0, 0, 0, 0.606, 0.812]","[0.997, 0.993, 0.987, 0.986, 0.982, 0.96, 0.799, 0.781, 0.565, 0.514, 0.926, 0.922]","[1, 2, 3, 4, 5, 6, 8, 9, 10, 11, 7, 2]",yes,correct
32,33,19409117,"Yes, a short infundibular height predicts lower clearance of lower‑pole stones after ESWL.",yes,395.711,0,100,"[306.994, 374.942, 384.963, 413.48, 422.171, 430.255, 437.172]","[0.036, -0.188, -0.221, -0.314, -0.343, -0.369, -0.392]",[1.381],"[['entailment'], ['neutral'], ['entailment'], ['neutral'], ['entailment'], ['neutral'], ['neutral']]",[['neutral']],Can infundibular height predict the clearance of lower pole calyceal stone after extracorporeal shockwave lithotripsy?,27,"[409.645, 407.992, 434.278, 316.774, 438.266, 319.808, 387.616]","[0.223, 0.226, 0.173, 0.413, 0.165, 0.407, 0.268]","[0, 0, 0, 0, 0, 0, 30.43]","[0, 0, 0, 0, 0, 0, 1.521]","[0.594, 0.543, 0.483, 0.443, 0.385, 0.127, 0.882]","[2, 3, 4, 5, 6, 7, 1]",yes,correct
33,34,21900017,"Yes, lung ischemia and reperfusion significantly reduce coronary flow.",yes,158.138,52,30,"[133.328, 150.254, 159.461, 173.413, 174.234]","[0.606, 0.551, 0.52, 0.475, 0.472]",[0.832],"[['neutral'], ['neutral'], ['neutral'], ['neutral'], ['neutral']]",[['neutral']],Does lung ischemia and reperfusion have an impact on coronary flow?,72,"[203.074, 158.077, 179.802, 139.197, 164.953, 0]","[0.645, 0.737, 0.693, 0.776, 0.723, 0]","[0, 0, 0, 0, 0, 14.48]","[0, 0, 0, 0, 0, 0.724]","[0.992, 0.983, 0.311, 0.157, 0.117, 0.229]","[1, 2, 3, 4, 5, 1]",yes,correct
34,35,27448572,"Yes, longer treatment duration is associated with a lower risk of returning to mental health care, though the effect size is modest.",yes,132.374,61,24,"[110.373, 111.15, 112.977, 116.34, 116.513, 121.687, 124.848, 125.102, 131.079, 133.468, 139.399, 155.031, 156.567, 198.696]","[0.682, 0.679, 0.673, 0.662, 0.661, 0.644, 0.634, 0.633, 0.614, 0.606, 0.586, 0.535, 0.53, 0.391]","[1.534, 0.999, 0.97]","[['neutral'], ['neutral'], ['neutral'], ['neutral'], ['neutral'], ['contradiction'], ['neutral'], ['neutral'], ['neutral'], ['neutral'], ['neutral'], ['neutral'], ['neutral'], ['entailment']]","[['neutral'], ['neutral'], ['entailment']]",Is duration of psychological treatment for depression related to return into treatment?,70,"[145.178, 216.29, 184.377, 145.51, 155.164, 203.396, 210.3, 223.815, 175.447, 208.799, 177.849, 156.821, 76.885, 199.487]","[0.764, 0.618, 0.684, 0.763, 0.743, 0.645, 0.631, 0.603, 0.702, 0.634, 0.697, 0.74, 0.903, 0.653]","[0, 0, 0, 0, 0, 0, 0, 0, 0, 0, 0, 10.49, 13.45, 10.39]","[0, 0, 0, 0, 0, 0, 0, 0, 0, 0, 0, 0.525, 0.672, 0.519]","[0.997, 0.997, 0.995, 0.994, 0.994, 0.993, 0.991, 0.988, 0.881, 0.84, 0.341, 0.997, 0.901, 0.485]","[1, 3, 4, 5, 6, 7, 8, 9, 11, 12, 14, 2, 10, 13]",yes,correct
35,36,25987398,"Yes, larger aneurysm diameter increases rupture risk, and atmospheric pressure changes appear to affect rupture likelihood more in larger aneurysms.",yes,113.953,67,8,"[105.789, 106.054, 121.785, 122.184]","[0.697, 0.696, 0.644, 0.643]","[1.612, 1.351]","[['neutral'], ['entailment'], ['neutral'], ['neutral']]","[['neutral'], ['contradiction']]",The influence of atmospheric pressure on aortic aneurysm rupture--is the diameter of the aneurysm important?,84,"[129.105, 119.001, 112.243, 63.715, 0]","[0.797, 0.817, 0.831, 0.93, 0]","[0, 0, 0, 26.62, 28.4]","[0, 0, 0, 1.331, 1.42]","[0.996, 0.936, 0.514, 0.859, 0.146]","[1, 2, 4, 3, 2]",maybe,incorrect
36,37,16816043,"Yes, lay people find it acceptable, but physicians do not.",yes,281.245,12,58,"[241.372, 259.436, 260.672, 280.553, 283.751, 284.101, 286.069, 289.711, 298.302, 328.485]","[0.251, 0.192, 0.188, 0.122, 0.112, 0.111, 0.104, 0.092, 0.064, -0.035]","[1.251, 0.707, 0.319]","[['neutral'], ['neutral'], ['neutral'], ['neutral'], ['neutral'], ['neutral'], ['neutral'], ['neutral'], ['neutral'], ['neutral']]","[['neutral'], ['neutral'], ['neutral']]",Do French lay people and health professionals find it acceptable to breach confidentiality to protect a patient's wife from a sexually transmitted disease?,78,"[168.062, 167.105, 154.452, 164.337, 117.451, 182.196, 142.838, 116.371, 105.328, 69.979]","[0.717, 0.719, 0.745, 0.725, 0.82, 0.688, 0.769, 0.823, 0.845, 0.917]","[0, 0, 0, 0, 0, 0, 0, 23.92, 26.06, 37.7]","[0, 0, 0, 0, 0, 0, 0, 1.196, 1.303, 1.885]","[0.992, 0.976, 0.972, 0.95, 0.925, 0.786, 0.208, 0.995, 0.99, 0.776]","[2, 4, 5, 6, 7, 8, 10, 1, 3, 9]",maybe,incorrect
37,38,23497210,"Yes, women with major depression in pregnancy can be identified in population health data, but identification is incomplete. Only about 13.6 % of cases appear in both PBS dispensing and HMDS hospital records, and capture‑recapture estimates suggest ~15 % prevalence, indicating many cases are missed in either dataset alone.",yes,108.331,69,15,"[55.92, 90.524, 90.903, 107.723, 118.49, 130.996, 135.528, 136.561]","[0.861, 0.747, 0.746, 0.69, 0.655, 0.614, 0.599, 0.596]","[1.816, 1.259, 1.041]","[['contradiction'], ['neutral'], ['neutral'], ['neutral'], ['contradiction'], ['neutral'], ['neutral'], ['neutral']]","[['neutral'], ['neutral'], ['neutral']]",Are women with major depression in pregnancy identifiable in population health data?,73,"[181.591, 183.31, 197.722, 183.12, 147.594, 146.355, 67.941, 174.747, 0]","[0.689, 0.686, 0.656, 0.686, 0.759, 0.761, 0.922, 0.703, 0]","[0, 0, 0, 0, 0, 0, 13.48, 11.03, 11.46]","[0, 0, 0, 0, 0, 0, 0.674, 0.551, 0.573]","[0.985, 0.863, 0.78, 0.378, 0.174, 0.173, 0.974, 0.849, 0.117]","[1, 3, 5, 6, 7, 8, 2, 4, 3]",no,incorrect
38,39,20602784,"Yes, scale matters; census‑tract analysis uncovers more significant disparities than zip‑code or county levels, and findings differ by relative versus absolute statistics.",yes,200.068,39,39,"[153.167, 154.187, 167.331, 173.169, 186.331, 192.154, 199.404, 210.5, 211.469, 243.224, 243.665, 266.218]","[0.541, 0.538, 0.495, 0.475, 0.432, 0.413, 0.389, 0.353, 0.349, 0.245, 0.244, 0.17]","[2.045, 0.338]","[['neutral'], ['contradiction'], ['neutral'], ['neutral'], ['neutral'], ['neutral'], ['neutral'], ['contradiction'], ['neutral'], ['neutral'], ['neutral'], ['contradiction']]","[['neutral'], ['contradiction']]",Identification of racial disparities in breast cancer mortality: does scale matter?,74,"[165.588, 172.889, 164.305, 167.621, 148.382, 169.704, 171.837, 169.033, 148.147, 130.089, 117.316, 171.978]","[0.722, 0.707, 0.725, 0.718, 0.757, 0.714, 0.709, 0.715, 0.758, 0.795, 0.821, 0.709]","[0, 0, 0, 0, 0, 0, 0, 0, 0, 0, 15.53, 15.86]","[0, 0, 0, 0, 0, 0, 0, 0, 0, 0, 0.777, 0.793]","[0.992, 0.974, 0.958, 0.884, 0.879, 0.872, 0.822, 0.746, 0.215, 0.196, 0.834, 0.781]","[1, 2, 3, 4, 5, 6, 8, 10, 11, 12, 7, 9]",yes,correct
39,40,12913878,"Yes, Nd:YAG‑LITT locally disrupts the BBB, permitting paclitaxel to penetrate brain tissue and potentially enhance glioma treatment.",yes,253.393,21,53,"[171.461, 186.952, 292.255, 304.529, 311.77]","[0.481, 0.43, 0.084, 0.044, 0.02]","[1.92, 0.644]","[['neutral'], ['neutral'], ['neutral'], ['neutral'], ['neutral']]","[['neutral'], ['neutral']]",Locoregional opening of the rodent blood-brain barrier for paclitaxel using Nd:YAG laser-induced thermo therapy: a new concept of adjuvant glioma therapy?,75,"[175.895, 188.323, 168.027, 85.004, 147.807]","[0.701, 0.676, 0.717, 0.887, 0.758]","[0, 0, 0, 34.36, 44.83]","[0, 0, 0, 1.718, 2.242]","[0.728, 0.172, 0.142, 0.808, 0.132]","[2, 3, 4, 1, 5]",yes,correct
40,41,10223070,"Maybe. Current studies show only modest, non‑specific associations and lack strong causal evidence. A definitive risk of tubal infertility or ectopic pregnancy from appendiceal perforation cannot be confirmed without well‑designed case‑control research.",maybe,111.094,68,13,"[72.361, 86.209, 96.816, 103.928, 109.131, 113.599, 120.906, 120.919, 121.102, 128.306, 148.752]","[0.807, 0.761, 0.726, 0.703, 0.686, 0.671, 0.647, 0.647, 0.646, 0.623, 0.556]","[2.873, 1.75]","[['neutral'], ['neutral'], ['neutral'], ['neutral'], ['neutral'], ['neutral'], ['neutral'], ['neutral'], ['neutral'], ['neutral'], ['neutral']]","[['neutral'], ['neutral']]",Is perforation of the appendix a risk factor for tubal infertility and ectopic pregnancy?,76,"[146.637, 119.991, 160.727, 140.142, 167.012, 115.886, 159.869, 158.804, 161.492, 129.273, 144.211]","[0.761, 0.815, 0.732, 0.774, 0.719, 0.824, 0.734, 0.736, 0.73, 0.796, 0.766]","[0, 0, 0, 0, 0, 0, 0, 0, 0, 16.82, 15.77]","[0, 0, 0, 0, 0, 0, 0, 0, 0, 0.841, 0.789]","[0.996, 0.994, 0.956, 0.886, 0.835, 0.696, 0.649, 0.564, 0.545, 0.991, 0.99]","[1, 2, 5, 6, 7, 8, 9, 10, 11, 3, 4]",maybe,correct
41,42,8566975,"No, the study found no evidence of serovar‑specific immunity to Neisseria gonorrhoeae.",no,226.291,30,64,"[160.51, 181.156, 195.621, 207.804, 242.336, 260.84, 261.0, 261.47, 265.88]","[0.517, 0.449, 0.402, 0.362, 0.248, 0.187, 0.187, 0.185, 0.171]","[0.556, 0.554, 0.28]","[['contradiction'], ['neutral'], ['neutral'], ['entailment'], ['contradiction'], ['contradiction'], ['neutral'], ['contradiction'], ['neutral']]","[['neutral'], ['contradiction'], ['neutral']]",Serovar specific immunity to Neisseria gonorrhoeae: does it exist?,53,"[278.393, 187.075, 313.475, 300.934, 319.602, 233.515, 206.241, 327.705, 172.122]","[0.491, 0.678, 0.42, 0.445, 0.407, 0.583, 0.639, 0.391, 0.709]","[0, 0, 0, 0, 0, 0, 5.18, 5.61, 5.94]","[0, 0, 0, 0, 0, 0, 0.259, 0.28, 0.297]","[0.991, 0.977, 0.425, 0.218, 0.169, 0.12, 0.946, 0.727, 0.415]","[1, 2, 5, 7, 8, 9, 3, 4, 6]",no,correct
42,43,28359277,"No, healthier lifestyles increase preventive health service use and do not significantly reduce overall outpatient visits.",no,177.658,46,40,"[139.166, 157.406, 161.814, 177.359, 179.123, 185.619, 186.459, 201.637, 210.337]","[0.587, 0.527, 0.513, 0.462, 0.456, 0.434, 0.432, 0.382, 0.353]",[1.026],"[['contradiction'], ['neutral'], ['neutral'], ['neutral'], ['neutral'], ['contradiction'], ['neutral'], ['neutral'], ['neutral']]",[['neutral']],Do healthier lifestyles lead to less utilization of healthcare resources?,66,"[170.864, 215.776, 198.924, 233.488, 188.87, 210.41, 229.231, 222.75, 114.133]","[0.711, 0.619, 0.654, 0.583, 0.674, 0.63, 0.592, 0.605, 0.827]","[0, 0, 0, 0, 0, 0, 0, 0, 15.16]","[0, 0, 0, 0, 0, 0, 0, 0, 0.758]","[0.995, 0.993, 0.966, 0.764, 0.753, 0.284, 0.277, 0.26, 0.973]","[1, 2, 4, 5, 6, 7, 8, 9, 3]",no,correct
43,44,11411430,"Yes, antral follicle count is a better predictor of IVF outcome than age or basal FSH.",yes,169.012,49,35,"[111.557, 118.081, 132.529, 153.158, 156.459, 172.909, 188.617, 190.518, 231.913, 234.38]","[0.678, 0.656, 0.609, 0.541, 0.53, 0.476, 0.425, 0.418, 0.282, 0.274]","[1.143, 0.831]","[['contradiction'], ['neutral'], ['neutral'], ['entailment'], ['neutral'], ['entailment'], ['neutral'], ['neutral'], ['neutral'], ['neutral']]","[['neutral'], ['neutral']]",Antral follicle assessment as a tool for predicting outcome in IVF--is it a better predictor than age and FSH?,69,"[216.128, 157.908, 165.653, 163.605, 168.157, 195.144, 219.734, 157.008, 154.713, 197.099]","[0.619, 0.738, 0.722, 0.726, 0.717, 0.662, 0.611, 0.74, 0.744, 0.658]","[0, 0, 0, 0, 0, 0, 0, 0, 25.63, 25.01]","[0, 0, 0, 0, 0, 0, 0, 0, 1.282, 1.25]","[0.994, 0.993, 0.992, 0.99, 0.987, 0.986, 0.401, 0.356, 0.989, 0.563]","[1, 2, 3, 4, 6, 7, 9, 10, 5, 8]",maybe,incorrect
44,45,28127977,"No, serum leptin levels are not a prognostic factor in advanced lung cancer.",no,99.663,72,2,"[60.869, 61.375, 78.583, 79.613, 84.348, 103.826, 124.188, 148.311, 155.857]","[0.844, 0.843, 0.786, 0.783, 0.767, 0.703, 0.636, 0.557, 0.532]","[1.022, 0.815, 0.771]","[['contradiction'], ['neutral'], ['neutral'], ['neutral'], ['contradiction'], ['neutral'], ['neutral'], ['neutral'], ['neutral']]","[['neutral'], ['neutral'], ['neutral']]",Are serum leptin levels a prognostic factor in advanced lung cancer?,85,"[135.095, 78.788, 55.691, 142.883, 108.661, 146.502, 121.524, 93.338, 70.905, 100.04]","[0.784, 0.899, 0.947, 0.768, 0.838, 0.761, 0.812, 0.87, 0.916, 0.856]","[0, 0, 0, 0, 0, 0, 0, 17.1, 18.06, 16.81]","[0, 0, 0, 0, 0, 0, 0, 0.855, 0.903, 0.841]","[0.995, 0.993, 0.99, 0.987, 0.885, 0.649, 0.183, 0.988, 0.979, 0.52]","[1, 2, 3, 5, 7, 8, 10, 4, 6, 9]",no,correct
45,46,22428608,"Yes, QTcD predicts LVH in hypertensives.",yes,246.254,24,46,"[188.404, 224.34, 252.058, 281.018, 285.45]","[0.425, 0.307, 0.216, 0.121, 0.106]","[0.746, 0.209]","[['neutral'], ['neutral'], ['neutral'], ['neutral'], ['neutral']]","[['neutral'], ['neutral']]",Would corrected QT dispersion predict left ventricular hypertrophy in hypertensive patients?,81,"[126.065, 166.577, 174.852, 83.662, 57.683]","[0.803, 0.72, 0.703, 0.89, 0.943]","[0, 0, 0, 23.74, 23.96]","[0, 0, 0, 1.187, 1.198]","[0.993, 0.914, 0.798, 0.984, 0.94]","[1, 4, 5, 2, 3]",yes,correct
46,47,27858166,"Yes, the aortic arch anatomy influences trauma severity. A steeper arch angle and smaller arch index are associated with more severe injuries, as shown by significant differences between injury types.",yes,107.165,69,8,"[104.045, 106.7, 107.313, 110.6]","[0.702, 0.694, 0.692, 0.681]","[2.081, 1.452]","[['neutral'], ['contradiction'], ['neutral'], ['neutral']]","[['neutral'], ['neutral']]",Traumatic aortic injury: does the anatomy of the aortic arch influence aortic trauma severity?,81,"[157.602, 119.895, 119.571, 101.059]","[0.738, 0.815, 0.816, 0.854]","[0, 0, 24.58, 21.95]","[0, 0, 1.229, 1.097]","[0.959, 0.92, 0.975, 0.205]","[2, 3, 1, 4]",yes,correct
47,48,22758782,"No, regional anesthesia does not reduce morbidity, mortality, or healthcare costs compared with general anesthesia in geriatric hip‑fracture surgery.",no,158.815,52,21,"[121.08, 134.289, 134.431, 165.403, 172.456, 175.385, 208.658]","[0.646, 0.603, 0.603, 0.501, 0.478, 0.468, 0.359]","[1.85, 1.183]","[['contradiction'], ['neutral'], ['neutral'], ['neutral'], ['neutral'], ['neutral'], ['neutral']]","[['neutral'], ['neutral']]","Regional anesthesia as compared with general anesthesia for surgery in geriatric patients with hip fracture: does it decrease morbidity, mortality, and health care costs?",83,"[138.923, 142.92, 169.592, 120.106, 96.68, 40.315, 86.281]","[0.777, 0.768, 0.714, 0.815, 0.863, 0.978, 0.884]","[0, 0, 0, 0, 0, 26.07, 26.36]","[0, 0, 0, 0, 0, 1.304, 1.318]","[0.979, 0.955, 0.929, 0.539, 0.173, 0.957, 0.956]","[1, 4, 5, 6, 7, 2, 3]",no,correct
48,49,16428354,"Yes, rural residence is linked to poorer neonatal outcomes in premature births, with higher mortality and stillbirth rates compared to urban counterparts.",yes,122.979,64,17,"[94.355, 97.62, 102.468, 105.16, 109.598, 121.529, 125.257, 130.03, 135.008, 135.375, 141.442, 147.36, 153.531]","[0.734, 0.724, 0.708, 0.699, 0.684, 0.645, 0.633, 0.617, 0.601, 0.6, 0.58, 0.56, 0.54]","[2.548, 1.349, 0.913]","[['neutral'], ['neutral'], ['neutral'], ['neutral'], ['neutral'], ['neutral'], ['neutral'], ['neutral'], ['neutral'], ['neutral'], ['neutral'], ['neutral'], ['neutral']]","[['neutral'], ['neutral'], ['neutral']]",Does rural or urban residence make a difference to neonatal outcome in premature birth?,75,"[172.511, 124.033, 149.007, 134.196, 163.716, 173.051, 175.006, 179.11, 170.304, 172.619, 144.029, 88.639, 136.744]","[0.708, 0.807, 0.756, 0.786, 0.726, 0.707, 0.703, 0.694, 0.712, 0.708, 0.766, 0.879, 0.781]","[0, 0, 0, 0, 0, 0, 0, 0, 0, 0, 14.28, 18.58, 15.56]","[0, 0, 0, 0, 0, 0, 0, 0, 0, 0, 0.714, 0.929, 0.778]","[0.997, 0.995, 0.995, 0.994, 0.994, 0.994, 0.993, 0.951, 0.908, 0.356, 0.997, 0.983, 0.979]","[2, 3, 4, 5, 6, 7, 8, 11, 12, 13, 1, 9, 10]",yes,correct
49,50,24245816,"Yes, trabecular bone significantly influences primary stability of miniscrews.",yes,152.849,54,27,"[80.183, 125.135, 129.646, 135.086, 151.736, 194.84, 196.329, 209.833]","[0.781, 0.633, 0.618, 0.6, 0.546, 0.404, 0.399, 0.355]","[0.891, 0.666]","[['neutral'], ['contradiction'], ['contradiction'], ['neutral'], ['neutral'], ['neutral'], ['neutral'], ['contradiction']]","[['neutral'], ['contradiction']]",Is trabecular bone related to primary stability of miniscrews?,73,"[146.427, 194.863, 129.878, 210.04, 223.403, 79.355, 162.575, 135.952]","[0.761, 0.662, 0.795, 0.631, 0.604, 0.898, 0.728, 0.783]","[0, 0, 0, 0, 0, 0, 18.5, 17.69]","[0, 0, 0, 0, 0, 0, 0.925, 0.884]","[0.997, 0.995, 0.974, 0.86, 0.768, 0.12, 0.987, 0.305]","[1, 2, 4, 5, 6, 8, 3, 7]",yes,correct
50,51,24666444,"No, overall no July effect was found in major cancer surgery outcomes; only a small rise in hematologic complications was noted, with no increase in overall complications or mortality.",no,191.543,41,44,"[130.463, 151.747, 152.09, 164.734, 177.813, 194.144, 197.548, 201.555, 209.79, 212.053, 214.49, 228.534, 255.092]","[0.616, 0.546, 0.545, 0.503, 0.46, 0.406, 0.395, 0.382, 0.355, 0.348, 0.34, 0.293, 0.206]","[3.653, 1.172, 0.453]","[['neutral'], ['neutral'], ['neutral'], ['neutral'], ['neutral'], ['neutral'], ['neutral'], ['contradiction'], ['neutral'], ['neutral'], ['neutral'], ['neutral'], ['neutral']]","[['neutral'], ['neutral'], ['neutral']]","Is there any evidence of a ""July effect"" in patients undergoing major cancer surgery?",66,"[145.153, 212.443, 182.958, 196.074, 203.326, 239.418, 246.502, 223.333, 225.396, 237.9, 172.015, 150.905, 132.901]","[0.764, 0.626, 0.687, 0.66, 0.645, 0.571, 0.557, 0.604, 0.6, 0.574, 0.709, 0.752, 0.789]","[0, 0, 0, 0, 0, 0, 0, 0, 0, 0, 10.33, 11.03, 15.37]","[0, 0, 0, 0, 0, 0, 0, 0, 0, 0, 0.517, 0.552, 0.768]","[0.997, 0.997, 0.996, 0.996, 0.994, 0.983, 0.965, 0.92, 0.508, 0.175, 0.995, 0.994, 0.992]","[1, 2, 3, 4, 7, 9, 10, 11, 12, 13, 5, 6, 8]",no,correct
51,52,1571683,"Yes, community vaccine storage often fails to meet guidelines—many practices lack designated staff, proper thermometers, and daily monitoring, resulting in temperatures outside recommended ranges and risking potency loss.",yes,246.831,23,77,"[183.706, 228.051, 235.011, 241.435, 252.018, 262.638, 271.586, 300.199]","[0.441, 0.295, 0.272, 0.251, 0.216, 0.181, 0.152, 0.058]",[0.345],"[['neutral'], ['neutral'], ['neutral'], ['neutral'], ['neutral'], ['neutral'], ['neutral'], ['neutral']]",[['neutral']],Storage of vaccines in the community: weak link in the cold chain?,45,"[292.971, 363.953, 346.75, 276.013, 327.292, 288.196, 274.533, 218.183]","[0.462, 0.317, 0.352, 0.496, 0.391, 0.471, 0.499, 0.615]","[0, 0, 0, 0, 0, 0, 0, 2.52]","[0, 0, 0, 0, 0, 0, 0, 0.126]","[0.987, 0.979, 0.867, 0.804, 0.689, 0.409, 0.348, 0.319]","[1, 2, 3, 4, 5, 6, 7, 8]",maybe,incorrect
52,53,11970923,"Yes, retinal haemorrhages after convulsions are rare but should prompt a thorough search for systemic disease or abuse.",yes,121.042,65,17,"[81.52, 88.52, 193.086]","[0.776, 0.753, 0.41]",[1.757],"[['contradiction'], ['neutral'], ['neutral']]",[['neutral']],Convulsions and retinal haemorrhage: should we look further?,74,"[201.542, 109.357, 161.748]","[0.649, 0.837, 0.73]","[0, 0, 16.66]","[0, 0, 0.833]","[0.208, 0.149, 0.983]","[2, 3, 1]",yes,correct
53,54,12846929,"Yes, lower socioeconomic status is linked to poorer quality of life at baseline in lung cancer patients, though the difference largely disappears after three months of treatment.",yes,126.877,63,19,"[82.689, 90.528, 91.131, 101.617, 105.862, 121.304, 124.987, 136.783, 141.803, 147.026, 172.289, 206.503]","[0.773, 0.747, 0.745, 0.71, 0.696, 0.646, 0.634, 0.595, 0.578, 0.561, 0.478, 0.366]","[2.438, 1.343]","[['neutral'], ['neutral'], ['neutral'], ['neutral'], ['neutral'], ['neutral'], ['neutral'], ['neutral'], ['neutral'], ['neutral'], ['neutral'], ['entailment']]","[['neutral'], ['entailment']]",Quality of life in lung cancer patients: does socioeconomic status matter?,74,"[112.689, 122.288, 202.819, 155.803, 173.988, 215.404, 199.021, 163.455, 122.129, 170.525, 115.028, 112.46]","[0.83, 0.811, 0.646, 0.742, 0.705, 0.62, 0.654, 0.726, 0.811, 0.712, 0.825, 0.831]","[0, 0, 0, 0, 0, 0, 0, 0, 0, 0, 13.25, 14.44]","[0, 0, 0, 0, 0, 0, 0, 0, 0, 0, 0.663, 0.722]","[0.995, 0.994, 0.993, 0.989, 0.984, 0.984, 0.959, 0.749, 0.547, 0.123, 0.994, 0.59]","[1, 3, 4, 5, 6, 7, 8, 9, 11, 12, 2, 10]",yes,correct
54,55,25156467,"Yes, early extubation is safe, feasible, and linked to lower morbidity and shorter ICU/hospital stays in most children undergoing congenital heart surgery.",yes,106.687,69,12,"[78.716, 88.895, 96.187, 103.404, 110.366, 125.579, 143.663]","[0.786, 0.752, 0.728, 0.705, 0.682, 0.632, 0.572]",[1.644],"[['neutral'], ['neutral'], ['neutral'], ['neutral'], ['neutral'], ['neutral'], ['neutral']]",[['neutral']],Should early extubation be the goal for children after congenital cardiac surgery?,77,"[108.474, 166.402, 188.023, 176.303, 66.803, 145.573, 126.568]","[0.839, 0.72, 0.676, 0.7, 0.924, 0.763, 0.802]","[0, 0, 0, 0, 0, 0, 14.77]","[0, 0, 0, 0, 0, 0, 0.739]","[0.886, 0.787, 0.777, 0.76, 0.355, 0.194, 0.116]","[1, 2, 3, 4, 5, 6, 7]",yes,correct
55,56,28143468,"Yes, evidence shows that when used strategically, non‑financial performance measurement systems enhance decision‑making, managerial discretion, flexibility, and lead to improved processes in health‑care organizations.",yes,177.434,46,53,"[125.821, 134.345, 137.9, 143.49, 152.02, 201.475, 207.304, 246.897, 247.656]","[0.631, 0.603, 0.591, 0.573, 0.545, 0.382, 0.363, 0.233, 0.231]",[2.05],"[['contradiction'], ['neutral'], ['neutral'], ['neutral'], ['neutral'], ['neutral'], ['contradiction'], ['neutral'], ['neutral']]",[['neutral']],Are performance measurement systems useful?,50,"[291.493, 173.347, 301.517, 305.558, 309.846, 297.232, 302.039, 284.973, 212.125]","[0.465, 0.706, 0.444, 0.436, 0.427, 0.453, 0.443, 0.478, 0.627]","[0, 0, 0, 0, 0, 0, 0, 0, 5.69]","[0, 0, 0, 0, 0, 0, 0, 0, 0.285]","[0.997, 0.995, 0.991, 0.99, 0.989, 0.571, 0.302, 0.113, 0.973]","[1, 2, 3, 4, 5, 7, 8, 9, 6]",yes,correct
56,57,22720085,"Yes, insulin resistance explains the link between hyperglycemia and cardiovascular risk.",yes,147.412,56,26,"[125.621, 130.073, 151.075, 164.922, 165.369]","[0.632, 0.617, 0.548, 0.502, 0.501]",[1.193],"[['neutral'], ['neutral'], ['neutral'], ['neutral'], ['neutral']]",[['neutral']],Does insulin resistance drive the association between hyperglycemia and cardiovascular risk?,73,"[132.292, 140.164, 185.564, 179.428, 172.673]","[0.79, 0.774, 0.681, 0.694, 0.708]","[0, 0, 0, 0, 18.7]","[0, 0, 0, 0, 0.935]","[0.985, 0.897, 0.892, 0.662, 0.985]","[1, 3, 4, 5, 2]",yes,correct
57,58,24433626,"Yes, prevalence rose, indicating Medicare beneficiaries are getting sicker.",yes,464.88,0,100,"[439.703, 448.565, 464.768, 471.624, 472.97, 476.899, 479.629]","[-0.4, -0.43, -0.483, -0.505, -0.51, -0.523, -0.532]",[],"[['neutral'], ['entailment'], ['neutral'], ['neutral'], ['neutral'], ['neutral'], ['neutral']]",[],Prevalence of chronic conditions among Medicare Part A beneficiaries in 2008 and 2010: are Medicare beneficiaries getting sicker?,11,"[463.268, 466.68, 469.744, 462.524, 454.976, 425.229, 430.217]","[0.113, 0.106, 0.1, 0.115, 0.13, 0.191, 0.181]","[0, 0, 0, 0, 0, 0, 0]","[0, 0, 0, 0, 0, 0, 0]","[0.987, 0.939, 0.919, 0.85, 0.443, 0.162, 0.135]","[1, 3, 6, 8, 12, 13, 14]",yes,correct
58,59,17008699,"No, most patients chose the lower dose, preferring less aggressive treatment.",no,200.118,39,53,"[152.27, 161.064, 164.77, 169.083, 169.987, 222.661, 248.188, 312.923]","[0.544, 0.515, 0.503, 0.489, 0.486, 0.313, 0.229, 0.016]","[1.425, 0.462]","[['neutral'], ['neutral'], ['neutral'], ['neutral'], ['neutral'], ['neutral'], ['neutral'], ['neutral']]","[['neutral'], ['neutral']]",Do patients with localized prostate cancer treatment really want more aggressive treatment?,57,"[246.287, 259.528, 257.868, 262.682, 207.438, 251.307, 232.89, 185.808]","[0.557, 0.53, 0.533, 0.524, 0.636, 0.547, 0.584, 0.681]","[0, 0, 0, 0, 0, 0, 20.94, 12.54]","[0, 0, 0, 0, 0, 0, 1.047, 0.627]","[0.946, 0.935, 0.918, 0.876, 0.132, 0.112, 0.958, 0.95]","[3, 4, 5, 6, 7, 8, 1, 2]",no,correct
59,60,23228527,"Maybe. The pilot study found no significant reduction in urinary free cortisol with music, but a trend toward less extreme stress markers suggests a potential buffering effect that warrants further research.",maybe,153.36,54,26,"[83.844, 87.852, 107.741, 135.254, 152.836, 173.942, 176.622, 177.758, 184.748, 253.001]","[0.769, 0.756, 0.69, 0.6, 0.542, 0.473, 0.464, 0.46, 0.437, 0.213]","[2.147, 1.699, 0.944]","[['neutral'], ['neutral'], ['neutral'], ['neutral'], ['neutral'], ['neutral'], ['neutral'], ['neutral'], ['entailment'], ['neutral']]","[['neutral'], ['entailment'], ['neutral']]",Does music influence stress in mechanically ventilated patients?,75,"[111.634, 152.593, 223.291, 234.576, 205.747, 161.864, 128.011, 116.753, 110.651, 97.976]","[0.832, 0.749, 0.604, 0.581, 0.64, 0.73, 0.799, 0.822, 0.834, 0.86]","[0, 0, 0, 0, 0, 0, 0, 12.11, 12.48, 14.59]","[0, 0, 0, 0, 0, 0, 0, 0.605, 0.624, 0.729]","[0.996, 0.984, 0.984, 0.98, 0.975, 0.97, 0.905, 0.992, 0.962, 0.917]","[1, 3, 4, 5, 6, 7, 10, 2, 8, 9]",no,incorrect
60,61,15489384,"Yes, reducing spasticity can improve arm function, especially when combined with active rehabilitation.",yes,177.286,46,38,"[124.239, 149.066, 150.247, 152.594, 157.572, 181.849, 182.203, 182.816, 189.03, 203.843, 221.012, 232.965]","[0.636, 0.555, 0.551, 0.543, 0.527, 0.447, 0.446, 0.444, 0.423, 0.375, 0.318, 0.279]","[1.058, 0.605]","[['neutral'], ['neutral'], ['neutral'], ['neutral'], ['neutral'], ['neutral'], ['neutral'], ['neutral'], ['neutral'], ['neutral'], ['neutral'], ['neutral']]","[['neutral'], ['neutral']]",Does reducing spasticity translate into functional benefit?,68,"[182.841, 190.162, 189.139, 211.459, 150.32, 194.91, 218.983, 146.091, 171.735, 252.848, 138.351, 211.689]","[0.687, 0.672, 0.674, 0.628, 0.753, 0.662, 0.613, 0.762, 0.709, 0.544, 0.778, 0.628]","[0, 0, 0, 0, 0, 0, 0, 0, 0, 0, 12.29, 10.75]","[0, 0, 0, 0, 0, 0, 0, 0, 0, 0, 0.614, 0.538]","[0.994, 0.99, 0.98, 0.979, 0.938, 0.842, 0.73, 0.229, 0.221, 0.168, 0.995, 0.977]","[2, 3, 4, 5, 7, 8, 9, 10, 11, 12, 1, 6]",yes,correct
61,62,23794696,"No, it does not affect the amount of space closure over three months.",no,279.54,13,58,"[235.59, 248.151, 254.771, 255.037, 268.985, 271.752, 281.373, 298.054, 333.173, 348.516]","[0.27, 0.229, 0.207, 0.206, 0.16, 0.151, 0.12, 0.065, -0.05, -0.101]","[0.99, 0.916, 0.503]","[['neutral'], ['neutral'], ['neutral'], ['neutral'], ['neutral'], ['neutral'], ['contradiction'], ['neutral'], ['neutral'], ['neutral']]","[['neutral'], ['neutral'], ['neutral']]",Does the bracket-ligature combination affect the amount of orthodontic space closure over three months?,77,"[161.993, 124.552, 183.717, 149.557, 126.364, 186.13, 188.246, 90.277, 125.989, 95.053]","[0.729, 0.806, 0.685, 0.755, 0.802, 0.68, 0.676, 0.876, 0.803, 0.866]","[0, 0, 0, 0, 0, 0, 0, 28.34, 25.67, 25.92]","[0, 0, 0, 0, 0, 0, 0, 1.417, 1.284, 1.296]","[0.996, 0.981, 0.978, 0.97, 0.915, 0.811, 0.148, 0.988, 0.976, 0.974]","[1, 3, 4, 7, 8, 9, 10, 2, 5, 6]",no,correct
62,63,2224269,"Yes, GPs should consider using patients' first names, especially with younger patients, as most patients either like or don't mind it.",yes,278.073,13,89,"[183.357, 253.546, 261.931, 275.577, 276.421, 317.282, 378.396]","[0.442, 0.211, 0.184, 0.139, 0.136, 0.002, -0.199]","[1.249, 0.358]","[['neutral'], ['neutral'], ['contradiction'], ['neutral'], ['neutral'], ['neutral'], ['entailment']]","[['neutral'], ['entailment']]",Should general practitioners call patients by their first names?,40,"[399.808, 342.799, 335.857, 303.612, 212.586, 291.71, 381.329]","[0.243, 0.36, 0.374, 0.44, 0.626, 0.464, 0.281]","[0, 0, 0, 0, 0, 2.68, 0.55]","[0, 0, 0, 0, 0, 0.134, 0.028]","[0.903, 0.824, 0.436, 0.353, 0.115, 0.147, 0.11]","[1, 2, 3, 4, 6, 5, 7]",yes,correct
63,64,10548670,"Yes, the NIHSS over‑weights language items, giving higher scores for left‑hemisphere strokes with similar lesion volumes.",yes,207.88,36,55,"[190.505, 200.474, 220.085, 220.458]","[0.418, 0.386, 0.321, 0.32]","[1.453, 0.417]","[['neutral'], ['contradiction'], ['contradiction'], ['neutral']]","[['entailment'], ['neutral']]",Does the National Institutes of Health Stroke Scale favor left hemisphere strokes?,58,"[236.92, 211.961, 238.6, 253.055, 0, 0]","[0.576, 0.627, 0.573, 0.543, 0, 0]","[0, 0, 0, 0, 15.35, 21.66]","[0, 0, 0, 0, 0.767, 1.083]","[0.956, 0.948, 0.875, 0.184, 0.953, 0.142]","[1, 2, 3, 4, 1, 2]",yes,correct
64,65,15280782,"No, the study found no evidence of an increase in unsafe sexual behaviour among HIV‑infected individuals during the period examined.",no,181.973,45,39,"[138.566, 140.804, 153.621, 156.402, 162.209, 195.397, 220.204, 228.055, 242.497]","[0.589, 0.582, 0.54, 0.53, 0.511, 0.402, 0.321, 0.295, 0.248]","[1.437, 0.98]","[['neutral'], ['neutral'], ['contradiction'], ['neutral'], ['contradiction'], ['neutral'], ['neutral'], ['neutral'], ['neutral']]","[['neutral'], ['neutral']]",Is unsafe sexual behaviour increasing among HIV-infected individuals?,68,"[210.779, 170.573, 221.66, 198.795, 195.979, 195.184, 198.795, 223.879, 81.669, 0]","[0.63, 0.712, 0.607, 0.654, 0.66, 0.662, 0.654, 0.603, 0.894, 0]","[0, 0, 0, 0, 0, 0, 0, 0, 19.68, 17.6]","[0, 0, 0, 0, 0, 0, 0, 0, 0.984, 0.88]","[0.996, 0.995, 0.991, 0.983, 0.944, 0.72, 0.149, 0.125, 0.98, 0.129]","[1, 2, 3, 4, 6, 7, 8, 9, 5, 2]",no,correct
65,66,26370095,"Yes, financial incentives are cost‑effective for smoking cessation in pregnancy, with an ICER of about £482 per QALY—well below UK thresholds.",yes,111.686,68,11,"[70.365, 82.656, 83.107, 92.802, 102.912, 103.083, 107.902, 112.903, 114.343, 116.536, 118.951, 125.907, 135.279, 152.991, 155.555]","[0.813, 0.773, 0.771, 0.739, 0.706, 0.706, 0.69, 0.673, 0.669, 0.661, 0.653, 0.631, 0.6, 0.542, 0.533]","[0.866, 0.765, 0.626]","[['neutral'], ['neutral'], ['neutral'], ['neutral'], ['neutral'], ['neutral'], ['neutral'], ['neutral'], ['neutral'], ['neutral'], ['contradiction'], ['neutral'], ['neutral'], ['neutral'], ['contradiction']]","[['neutral'], ['neutral'], ['contradiction']]",Are financial incentives cost-effective to support smoking cessation during pregnancy?,79,"[165.53, 148.622, 156.825, 131.551, 113.592, 142.461, 136.773, 122.355, 136.118, 178.024, 125.4, 115.292, 102.597, 101.992, 79.068]","[0.722, 0.757, 0.74, 0.792, 0.828, 0.769, 0.781, 0.81, 0.782, 0.697, 0.804, 0.825, 0.851, 0.852, 0.899]","[0, 0, 0, 0, 0, 0, 0, 0, 0, 0, 0, 0, 18.69, 20.0, 20.4]","[0, 0, 0, 0, 0, 0, 0, 0, 0, 0, 0, 0, 0.934, 1.0, 1.02]","[0.998, 0.996, 0.996, 0.995, 0.992, 0.992, 0.983, 0.959, 0.917, 0.816, 0.681, 0.283, 0.997, 0.996, 0.993]","[1, 4, 5, 6, 8, 9, 10, 11, 12, 13, 14, 15, 2, 3, 7]",yes,correct
66,67,15065192,"Yes, 3‑D ultrasound‑validated large‑core needle biopsy reliably yields accurate histology, reducing core numbers, procedure time, and under‑estimation rates while maintaining high sensitivity (96.5%) and specificity (100%).",yes,174.968,47,31,"[115.31, 159.764, 166.651, 174.322, 191.323, 200.504, 216.901]","[0.665, 0.519, 0.497, 0.472, 0.416, 0.386, 0.332]",[1.151],"[['neutral'], ['neutral'], ['neutral'], ['contradiction'], ['neutral'], ['neutral'], ['neutral']]",[['neutral']],Three-dimensional ultrasound-validated large-core needle biopsy: is it a reliable method for the histological assessment of breast lesions?,76,"[169.653, 122.949, 150.303, 162.533, 163.805, 172.149, 81.031]","[0.714, 0.809, 0.753, 0.728, 0.726, 0.709, 0.895]","[0, 0, 0, 0, 0, 0, 23.75]","[0, 0, 0, 0, 0, 0, 1.188]","[0.976, 0.955, 0.941, 0.767, 0.31, 0.131, 0.993]","[2, 3, 4, 5, 6, 7, 1]",yes,correct
67,68,9767546,"Yes, the elevated pentosidine, MDA‑lysine and CML in uremic plasma show increased oxidative stress, reflecting a broad derangement in non‑enzymatic carbohydrate and lipid autoxidation.",yes,145.723,57,22,"[122.081, 126.018, 131.063, 143.12, 173.743, 178.312]","[0.643, 0.63, 0.614, 0.574, 0.473, 0.458]","[1.832, 1.712]","[['contradiction'], ['neutral'], ['neutral'], ['neutral'], ['neutral'], ['neutral']]","[['neutral'], ['neutral']]",Autoxidation products of both carbohydrates and lipids are increased in uremic plasma: is there oxidative stress in uremia?,77,"[170.677, 150.758, 184.191, 173.477, 53.676, 127.708]","[0.712, 0.752, 0.684, 0.706, 0.951, 0.799]","[0, 0, 0, 0, 33.55, 25.25]","[0, 0, 0, 0, 1.677, 1.263]","[0.982, 0.822, 0.821, 0.4, 0.865, 0.479]","[1, 3, 4, 6, 2, 5]",yes,correct
68,69,23321509,"Yes, achieving complete cytoreduction in quaternary surgery remains associated with improved overall survival, despite higher morbidity, indicating surgical effort still matters.",yes,175.164,47,27,"[124.362, 175.543, 225.587]","[0.636, 0.468, 0.303]","[1.651, 1.249, 1.11]","[['contradiction'], ['neutral'], ['neutral']]","[['neutral'], ['neutral'], ['neutral']]",Quaternary cytoreductive surgery in ovarian cancer: does surgical effort still matter?,80,"[172.168, 68.9, 145.153, 0]","[0.709, 0.92, 0.764, 0]","[0, 21.19, 15.34, 14.4]","[0, 1.059, 0.767, 0.72]","[0.986, 0.968, 0.926, 0.894]","[1, 2, 3, 3]",yes,correct
69,70,24809662,"No, concomitant anterior/apical repair does not provide additional improvement in the overactive bladder component beyond what is achieved with a midurethral sling alone.",no,183.757,44,37,"[92.183, 194.338, 207.859, 240.649]","[0.741, 0.406, 0.361, 0.254]","[2.036, 1.394, 0.869]","[['neutral'], ['entailment'], ['contradiction'], ['neutral']]","[['entailment'], ['contradiction'], ['neutral']]",Does concomitant anterior/apical repair during midurethral sling improve the overactive bladder component of mixed incontinence?,72,"[221.1, 192.772, 51.979, 193.338]","[0.609, 0.666, 0.954, 0.665]","[0, 29.78, 38.62, 20.02]","[0, 1.489, 1.931, 1.001]","[0.549, 0.978, 0.941, 0.42]","[3, 1, 2, 4]",no,correct
70,71,12805495,"No, decision‑analysis models show that anticoagulation after intracerebral hemorrhage—especially lobar—reduces quality‑adjusted life years and is not preferred over no anticoagulation.",no,135.892,60,27,"[87.723, 143.193, 176.76]","[0.756, 0.574, 0.464]",[1.986],"[['neutral'], ['contradiction'], ['neutral']]",[['neutral']],Can patients be anticoagulated after intracerebral hemorrhage?,68,"[182.59, 219.398, 153.986]","[0.687, 0.612, 0.746]","[0, 0, 13.42]","[0, 0, 0.671]","[0.991, 0.389, 0.949]","[1, 3, 2]",maybe,incorrect
71,72,19925761,"No, not always – in selected cases ureteroscopy can be performed without meatus dilation, achieving comparable success and morbidity to procedures with dilation.",no,210.001,35,49,"[93.696, 148.767, 206.136, 210.226, 210.707, 241.628, 245.203, 245.568, 247.111, 250.969]","[0.736, 0.556, 0.367, 0.354, 0.352, 0.25, 0.239, 0.237, 0.232, 0.22]","[2.327, 0.344]","[['neutral'], ['neutral'], ['contradiction'], ['neutral'], ['neutral'], ['neutral'], ['neutral'], ['neutral'], ['neutral'], ['neutral']]","[['neutral'], ['neutral']]",Diagnostic and therapeutic ureteroscopy: is dilatation of ureteral meatus always necessary?,66,"[248.112, 200.515, 237.449, 180.527, 228.974, 235.333, 235.605, 187.95, 81.407, 126.569]","[0.553, 0.651, 0.575, 0.691, 0.592, 0.579, 0.579, 0.676, 0.894, 0.802]","[0, 0, 0, 0, 0, 0, 0, 0, 27.86, 17.62]","[0, 0, 0, 0, 0, 0, 0, 0, 1.393, 0.881]","[0.99, 0.981, 0.955, 0.949, 0.698, 0.579, 0.403, 0.368, 0.99, 0.983]","[2, 4, 5, 6, 7, 8, 9, 10, 1, 3]",no,correct
72,73,20382292,"Yes, knee extensor strength is positively correlated with dynamic stability, and dynamic stability is positively correlated with functional ambulation in Parkinson’s disease; however, knee extensor strength itself does not directly predict functional ambulation.",yes,92.108,74,7,"[59.076, 73.138, 75.964, 77.237, 83.827, 101.478, 101.966, 108.97, 109.218, 130.205]","[0.85, 0.804, 0.795, 0.791, 0.769, 0.711, 0.709, 0.686, 0.685, 0.617]","[2.673, 2.47]","[['neutral'], ['contradiction'], ['neutral'], ['neutral'], ['neutral'], ['neutral'], ['neutral'], ['neutral'], ['neutral'], ['neutral']]","[['neutral'], ['neutral']]","Knee extensor strength, dynamic stability, and functional ambulation: are they related in Parkinson's disease?",78,"[167.089, 130.699, 151.602, 118.337, 145.028, 133.573, 130.71, 163.179, 111.731, 118.793]","[0.719, 0.793, 0.751, 0.819, 0.764, 0.787, 0.793, 0.727, 0.832, 0.818]","[0, 0, 0, 0, 0, 0, 0, 0, 24.48, 25.02]","[0, 0, 0, 0, 0, 0, 0, 0, 1.224, 1.251]","[0.993, 0.986, 0.986, 0.962, 0.845, 0.578, 0.496, 0.324, 0.992, 0.99]","[1, 4, 5, 6, 7, 8, 9, 10, 2, 3]",yes,correct
73,74,22236315,"Yes, greater driving distance is linked to later‑stage breast cancer and delayed colorectal treatment in Medicaid patients, though the association is weaker for lung cancer.",yes,154.804,54,30,"[106.529, 131.505, 135.491, 172.35, 183.735, 199.214]","[0.694, 0.612, 0.599, 0.478, 0.441, 0.39]","[2.247, 1.157]","[['neutral'], ['neutral'], ['neutral'], ['neutral'], ['neutral'], ['contradiction']]","[['contradiction'], ['neutral']]","Is distance to provider a barrier to care for medicaid patients with breast, colorectal, or lung cancer?",70,"[176.932, 188.249, 118.074, 172.585, 205.326, 186.497, 0]","[0.699, 0.676, 0.819, 0.708, 0.641, 0.679, 0]","[0, 0, 0, 0, 0, 13.4, 20.72]","[0, 0, 0, 0, 0, 0.67, 1.036]","[0.977, 0.958, 0.942, 0.884, 0.161, 0.987, 0.128]","[2, 3, 4, 5, 6, 1, 2]",no,incorrect
74,75,17051586,"No, the study found no protective effect of folic acid on congenital heart defects in infants with Down syndrome.",no,161.847,51,32,"[115.917, 121.095, 159.275, 182.775, 194.07, 197.95]","[0.663, 0.646, 0.521, 0.444, 0.407, 0.394]","[1.531, 1.175]","[['neutral'], ['contradiction'], ['neutral'], ['contradiction'], ['entailment'], ['contradiction']]","[['entailment'], ['contradiction']]",Can folic acid protect against congenital heart defects in Down syndrome?,70,"[148.767, 243.753, 243.784, 177.633, 71.19, 179.708]","[0.756, 0.562, 0.562, 0.697, 0.915, 0.693]","[0, 0, 0, 0, 24.72, 19.58]","[0, 0, 0, 0, 1.236, 0.979]","[0.839, 0.765, 0.442, 0.165, 0.956, 0.199]","[2, 3, 4, 6, 1, 5]",no,correct
75,76,25007420,"Yes, overall diagnosed disorder rates are similar, but francophones outside Winnipeg show lower suicide and substance‑use disorder rates, and they rate their mental health less positively.",yes,157.306,53,34,"[112.987, 141.026, 143.809, 149.984, 159.243, 159.602, 163.453, 182.985, 202.668]","[0.673, 0.581, 0.572, 0.552, 0.521, 0.52, 0.507, 0.443, 0.378]","[3.211, 2.755, 0.324]","[['neutral'], ['neutral'], ['neutral'], ['neutral'], ['neutral'], ['neutral'], ['neutral'], ['neutral'], ['neutral']]","[['neutral'], ['neutral'], ['neutral']]",Are there mental health differences between francophone and non-francophone populations in manitoba?,66,"[165.4, 209.896, 159.294, 195.122, 219.368, 228.972, 194.153, 140.579, 231.437, 0, 0]","[0.722, 0.631, 0.735, 0.662, 0.612, 0.592, 0.664, 0.773, 0.587, 0, 0]","[0, 0, 0, 0, 0, 0, 0, 0, 20.44, 20.06, 20.97]","[0, 0, 0, 0, 0, 0, 0, 0, 1.022, 1.003, 1.049]","[0.992, 0.99, 0.983, 0.979, 0.966, 0.909, 0.473, 0.2, 0.924, 0.968, 0.112]","[1, 2, 3, 4, 5, 7, 8, 9, 6, 1, 3]",maybe,incorrect
76,77,26556589,"No, in physically active type 1 diabetics the Achilles tendon response to a 10 km run is similar to non‑diabetics; the effect in sedentary T1DM individuals remains unknown.",no,146.481,56,27,"[85.766, 99.495, 164.098, 177.908, 205.139]","[0.763, 0.717, 0.505, 0.46, 0.37]","[1.975, 1.421]","[['neutral'], ['contradiction'], ['neutral'], ['neutral'], ['neutral']]","[['neutral'], ['neutral']]",Does type 1 diabetes mellitus affect Achilles tendon response to a 10Â km run?,72,"[175.917, 216.915, 162.005, 72.102, 203.299]","[0.701, 0.617, 0.729, 0.913, 0.645]","[0, 0, 0, 25.94, 17.48]","[0, 0, 0, 1.297, 0.874]","[0.448, 0.289, 0.262, 0.981, 0.477]","[3, 4, 5, 1, 2]",no,correct
77,78,26194560,"Yes, oversized cup‑cage reconstruction provides initial stability in THA for osteoporotic acetabular fractures.",yes,157.989,53,22,[157.989],[0.525],[1.907],[['neutral']],[['neutral']],Does cup-cage reconstruction with oversized cups provide initial stability in THA for osteoporotic acetabular fractures?,80,[129.624],[0.796],[40.72],[2.036],[0.144],[1],yes,correct
78,79,21172844,"Yes, TDP‑43 type shows distinct atrophy patterns in FTLD, but these patterns are also modulated by GRN mutations and FTLD‑MND status.",yes,237.285,26,50,"[153.446, 261.353, 262.229, 272.112]","[0.54, 0.186, 0.183, 0.15]",[2.084],"[['neutral'], ['neutral'], ['contradiction'], ['neutral']]",[['neutral']],Does TDP-43 type confer a distinct pattern of atrophy in frontotemporal lobar degeneration?,74,"[155.38, 171.218, 157.615, 134.224]","[0.743, 0.711, 0.738, 0.786]","[0, 0, 0, 24.72]","[0, 0, 0, 1.236]","[0.971, 0.97, 0.477, 0.937]","[1, 2, 4, 3]",yes,correct
79,80,27581329,"No, existing equations are not fully applicable; they under‑ or over‑estimate BMR in Chinese adults, especially those overweight/obese. The new Singapore equation achieved ~80% accuracy and a better fit.",no,209.235,36,47,"[139.345, 164.319, 185.986, 193.673, 199.943, 205.163, 229.655, 240.198, 260.606, 273.457]","[0.586, 0.504, 0.433, 0.408, 0.387, 0.37, 0.29, 0.255, 0.188, 0.146]","[2.643, 1.45]","[['neutral'], ['neutral'], ['neutral'], ['neutral'], ['neutral'], ['neutral'], ['neutral'], ['contradiction'], ['neutral'], ['neutral']]","[['neutral'], ['neutral']]",Estimation of basal metabolic rate in Chinese: are the current prediction equations applicable?,68,"[226.827, 202.948, 221.217, 162.51, 193.622, 216.347, 86.243, 190.428, 161.111, 193.558]","[0.597, 0.646, 0.608, 0.728, 0.665, 0.618, 0.884, 0.671, 0.731, 0.665]","[0, 0, 0, 0, 0, 0, 0, 0, 16.87, 17.18]","[0, 0, 0, 0, 0, 0, 0, 0, 0.843, 0.859]","[0.995, 0.991, 0.989, 0.985, 0.979, 0.96, 0.929, 0.891, 0.995, 0.993]","[2, 4, 5, 6, 7, 8, 9, 10, 1, 3]",yes,incorrect
80,81,11867487,"Maybe. The study found that 62 % of players believed headgear could prevent concussion, yet only 27 % wore it and coaches were less convinced (33 %). Evidence on actual prevention remains inconclusive.",maybe,100.699,71,12,"[63.39, 85.344, 90.471, 96.64, 102.583, 103.672, 106.703, 109.703, 114.884, 133.604]","[0.836, 0.764, 0.747, 0.727, 0.707, 0.704, 0.694, 0.684, 0.667, 0.605]","[2.314, 1.378]","[['contradiction'], ['neutral'], ['neutral'], ['neutral'], ['neutral'], ['neutral'], ['neutral'], ['neutral'], ['entailment'], ['neutral']]","[['entailment'], ['neutral']]",Does rugby headgear prevent concussion?,75,"[210.675, 146.326, 161.884, 206.613, 140.648, 129.135, 113.366, 176.383, 124.331, 112.654]","[0.63, 0.761, 0.73, 0.638, 0.773, 0.797, 0.829, 0.7, 0.806, 0.83]","[0, 0, 0, 0, 0, 0, 0, 0, 16.06, 16.5]","[0, 0, 0, 0, 0, 0, 0, 0, 0.803, 0.825]","[0.995, 0.992, 0.988, 0.988, 0.97, 0.964, 0.941, 0.177, 0.995, 0.939]","[2, 3, 4, 5, 6, 7, 8, 10, 1, 9]",maybe,correct
81,82,9854965,"Yes, dementia and aphasia are underrecognised in motor neuron disease, as multiple studies report cognitive deficits and language impairments that are often overlooked in routine ALS assessment.",yes,164.182,50,38,"[133.617, 162.876, 175.343, 184.892]","[0.605, 0.509, 0.468, 0.437]",[1.257],"[['neutral'], ['contradiction'], ['neutral'], ['neutral']]",[['neutral']],Dementia and aphasia in motor neuron disease: an underrecognised association?,65,"[147.952, 213.612, 209.137, 228.76]","[0.758, 0.624, 0.633, 0.593]","[0, 0, 0, 14.22]","[0, 0, 0, 0.711]","[0.924, 0.857, 0.103, 0.748]","[1, 2, 4, 3]",yes,correct
82,83,19131405,"Maybe, diffusion‑weighted echo‑planar MRI can hint at subtype differences, but ADC overlap—especially between Warthin tumors and malignancies—limits reliable, definitive prediction.",maybe,246.816,23,54,"[212.248, 224.606, 252.482, 261.081, 283.663]","[0.347, 0.306, 0.215, 0.186, 0.112]",[0.921],"[['neutral'], ['neutral'], ['neutral'], ['neutral'], ['neutral']]",[['neutral']],Diffusion-weighted echo-planar MR imaging of primary parotid gland tumors: is a prediction of different histologic subtypes possible?,72,"[162.92, 187.15, 176.186, 165.346, 149.214, 0]","[0.727, 0.678, 0.7, 0.723, 0.756, 0]","[0, 0, 0, 0, 0, 33.56]","[0, 0, 0, 0, 0, 1.678]","[0.984, 0.939, 0.364, 0.333, 0.124, 0.871]","[1, 2, 3, 4, 5, 1]",yes,incorrect
83,84,18667100,"No, risk factors for suicidal behavior do not differ by affective disorder polarity.",no,102.782,71,4,"[71.591, 71.867, 75.6, 84.244, 90.496, 95.389, 102.466, 117.461, 127.707, 128.31, 132.329, 135.92]","[0.809, 0.808, 0.796, 0.768, 0.747, 0.731, 0.708, 0.658, 0.625, 0.623, 0.61, 0.598]",[1.395],"[['contradiction'], ['neutral'], ['neutral'], ['neutral'], ['neutral'], ['neutral'], ['contradiction'], ['neutral'], ['neutral'], ['neutral'], ['contradiction'], ['neutral']]",[['neutral']],Do risk factors for suicidal behavior differ by affective disorder polarity?,84,"[78.935, 93.236, 85.774, 131.529, 111.874, 147.247, 128.809, 115.796, 72.689, 103.735, 140.506, 78.155]","[0.899, 0.87, 0.885, 0.792, 0.832, 0.76, 0.797, 0.824, 0.912, 0.848, 0.773, 0.901]","[0, 0, 0, 0, 0, 0, 0, 0, 0, 0, 0, 18.13]","[0, 0, 0, 0, 0, 0, 0, 0, 0, 0, 0, 0.907]","[0.997, 0.996, 0.995, 0.994, 0.993, 0.957, 0.879, 0.76, 0.611, 0.579, 0.563, 0.993]","[1, 2, 3, 4, 6, 7, 8, 9, 10, 11, 12, 5]",no,correct
84,85,10605400,"Yes, the study shows INR measurements performed in primary‑care settings using near‑patient testing are reliable and comparable to hospital laboratory results.",yes,220.209,32,67,"[163.597, 170.131, 193.517, 197.228, 287.742, 309.041]","[0.507, 0.485, 0.408, 0.396, 0.099, 0.029]","[2.881, 1.117]","[['contradiction'], ['contradiction'], ['neutral'], ['neutral'], ['neutral'], ['neutral']]","[['neutral'], ['neutral']]",Is the international normalised ratio (INR) reliable?,48,"[285.214, 356.131, 313.421, 301.775, 290.146, 169.659]","[0.477, 0.332, 0.42, 0.444, 0.467, 0.714]","[0, 0, 0, 0, 11.31, 14.15]","[0, 0, 0, 0, 0.566, 0.708]","[0.996, 0.996, 0.995, 0.118, 0.996, 0.985]","[1, 3, 4, 6, 2, 5]",maybe,incorrect
85,86,25986020,"Maybe, zero CLABSI can be achieved and sustained for extended periods with rigorous bundles and multidisciplinary vigilance, but long‑term maintenance remains challenging.",maybe,304.08,5,83,"[232.25, 239.475, 266.34, 304.998, 345.981, 367.396, 372.122]","[0.281, 0.257, 0.169, 0.042, -0.093, -0.163, -0.178]",[0.663],"[['neutral'], ['neutral'], ['neutral'], ['neutral'], ['neutral'], ['neutral'], ['neutral']]",[['neutral']],Is zero central line-associated bloodstream infection rate sustainable?,55,"[171.7, 260.978, 279.41, 294.045, 274.49, 283.834, 189.02]","[0.71, 0.527, 0.489, 0.459, 0.499, 0.48, 0.674]","[0, 0, 0, 0, 0, 0, 19.04]","[0, 0, 0, 0, 0, 0, 0.952]","[0.998, 0.988, 0.976, 0.641, 0.476, 0.152, 0.992]","[1, 3, 4, 5, 6, 7, 2]",yes,incorrect
86,87,17598882,"Yes, evidence from familial studies indicates that breast cancer prognosis can be inherited.",yes,151.085,55,32,"[93.291, 125.141, 135.457, 160.457, 163.164, 168.331, 168.389, 194.452]","[0.738, 0.633, 0.599, 0.517, 0.508, 0.491, 0.491, 0.405]","[0.453, 0.431, 0.384]","[['entailment'], ['neutral'], ['neutral'], ['neutral'], ['neutral'], ['neutral'], ['neutral'], ['neutral']]","[['neutral'], ['neutral'], ['neutral']]",Is breast cancer prognosis inherited?,67,"[173.966, 222.121, 222.001, 214.062, 193.77, 136.574, 206.027, 161.901]","[0.705, 0.606, 0.607, 0.623, 0.664, 0.781, 0.639, 0.73]","[0, 0, 0, 0, 0, 10.59, 9.6, 10.64]","[0, 0, 0, 0, 0, 0.53, 0.48, 0.532]","[0.994, 0.991, 0.987, 0.932, 0.795, 0.995, 0.994, 0.992]","[2, 5, 6, 7, 8, 1, 3, 4]",yes,correct
87,88,25940336,"Yes, certain pre‑residency metrics—USMLE scores, OITE results, academic standing—correlate with objective performance measures, though predictive power varies across studies.",yes,261.344,19,100,[261.344],[0.186],[1.141],[['neutral']],[['neutral']],Does Residency Selection Criteria Predict Performance in Orthopaedic Surgery Residency?,2,"[454.659, 0]","[0.131, 0]","[0, 14.23]","[0, 0.711]","[0.879, 0.994]","[7, 1]",yes,correct
88,89,24014276,"Yes, optimistic older adults show lower mortality and longer survival, especially women, even after adjusting for health and function.",yes,156.853,53,28,"[115.145, 122.578, 128.89, 166.904, 170.907, 180.138, 183.427, 186.837]","[0.666, 0.642, 0.621, 0.496, 0.483, 0.452, 0.442, 0.43]","[1.857, 0.297]","[['neutral'], ['neutral'], ['neutral'], ['neutral'], ['neutral'], ['neutral'], ['neutral'], ['neutral']]","[['neutral'], ['neutral']]",Optimism and survival: does an optimistic outlook predict better survival at advanced ages?,73,"[153.092, 201.353, 162.18, 114.628, 203.56, 151.756, 182.621, 111.607, 0]","[0.748, 0.649, 0.729, 0.826, 0.644, 0.75, 0.687, 0.832, 0]","[0, 0, 0, 0, 0, 0, 0, 17.37, 13.67]","[0, 0, 0, 0, 0, 0, 0, 0.869, 0.684]","[0.981, 0.978, 0.602, 0.348, 0.217, 0.187, 0.127, 0.93, 0.144]","[1, 2, 4, 5, 6, 7, 8, 3, 2]",yes,correct
89,90,26113007,"No, arch form is independent of sagittal molar relationship and Bolton tooth‑size discrepancy.",no,150.304,55,21,"[78.279, 118.966, 127.061, 146.128, 146.247, 152.019, 167.722, 181.029, 181.653, 203.939]","[0.787, 0.653, 0.627, 0.564, 0.564, 0.545, 0.493, 0.45, 0.447, 0.374]","[1.225, 0.837, 0.712]","[['neutral'], ['contradiction'], ['neutral'], ['neutral'], ['neutral'], ['neutral'], ['neutral'], ['neutral'], ['neutral'], ['neutral']]","[['neutral'], ['neutral'], ['neutral']]",Is arch form influenced by sagittal molar relationship or Bolton tooth-size discrepancy?,80,"[111.039, 156.201, 163.214, 112.226, 136.63, 148.488, 152.279, 104.734, 123.992, 53.866]","[0.834, 0.741, 0.727, 0.831, 0.781, 0.757, 0.749, 0.846, 0.807, 0.95]","[0, 0, 0, 0, 0, 0, 0, 28.78, 25.53, 30.85]","[0, 0, 0, 0, 0, 0, 0, 1.439, 1.277, 1.543]","[0.996, 0.993, 0.991, 0.976, 0.971, 0.91, 0.48, 0.988, 0.977, 0.921]","[1, 2, 3, 6, 7, 9, 10, 4, 5, 8]",no,correct
90,91,18222909,"Yes, pectins are involved in both cold acclimation and de‑acclimation of winter oil‑seed rape, influencing cell‑wall stiffness, leaf expansion, and freezing resistance.",yes,104.174,70,11,"[86.265, 91.099, 91.591, 94.488, 99.076, 101.914, 109.286, 116.435, 120.673, 130.914]","[0.761, 0.745, 0.743, 0.734, 0.719, 0.709, 0.685, 0.662, 0.648, 0.614]","[2.006, 1.6, 1.048]","[['neutral'], ['neutral'], ['contradiction'], ['neutral'], ['neutral'], ['neutral'], ['neutral'], ['neutral'], ['neutral'], ['neutral']]","[['neutral'], ['neutral'], ['neutral']]",Are pectins involved in cold acclimation and de-acclimation of winter oil-seed rape plants?,77,"[154.079, 124.403, 141.838, 134.233, 142.95, 168.824, 147.384, 133.287, 154.458, 124.243]","[0.746, 0.806, 0.771, 0.786, 0.768, 0.715, 0.759, 0.788, 0.745, 0.807]","[0, 0, 0, 0, 0, 0, 0, 32.57, 31.09, 31.01]","[0, 0, 0, 0, 0, 0, 0, 1.628, 1.554, 1.55]","[0.993, 0.992, 0.985, 0.98, 0.968, 0.937, 0.8, 0.995, 0.706, 0.385]","[2, 3, 4, 5, 6, 7, 8, 1, 9, 10]",yes,correct
91,92,19836806,"No, adjustment is not warranted. The study found only a small inverse relationship between BMI/percent body fat and PSA, insufficient to justify BMI‑based PSA thresholds.",no,211.97,35,49,"[158.658, 163.678, 199.091, 219.749, 221.503, 222.897, 252.485, 257.695]","[0.523, 0.507, 0.39, 0.322, 0.317, 0.312, 0.215, 0.198]",[1.669],"[['neutral'], ['neutral'], ['neutral'], ['neutral'], ['neutral'], ['contradiction'], ['neutral'], ['neutral']]",[['neutral']],Should prostate specific antigen be adjusted for body mass index?,66,"[231.477, 217.211, 207.356, 239.557, 176.245, 222.172, 208.725, 81.407]","[0.587, 0.616, 0.637, 0.571, 0.7, 0.606, 0.634, 0.894]","[0, 0, 0, 0, 0, 0, 0, 16.2]","[0, 0, 0, 0, 0, 0, 0, 0.81]","[0.993, 0.946, 0.902, 0.728, 0.54, 0.229, 0.154, 0.967]","[1, 3, 4, 5, 6, 7, 8, 2]",no,correct
92,93,21801416,"Yes, intracerebroventricular metformin or AICAR injections lowered the amplitude of the ewe’s circadian melatonin rhythm, supporting a role for AMPK in modulating melatonin secretion.",yes,122.071,64,13,"[94.205, 102.049, 121.612, 170.418]","[0.735, 0.709, 0.645, 0.484]","[1.313, 1.013]","[['neutral'], ['neutral'], ['entailment'], ['neutral']]","[['neutral'], ['neutral']]",The effect of an intracerebroventricular injection of metformin or AICAR on the plasma concentrations of melatonin in the ewe: potential involvement of AMPK?,80,"[137.509, 108.013, 148.025, 111.519, 0]","[0.779, 0.84, 0.758, 0.833, 0]","[0, 0, 0, 26.95, 30.6]","[0, 0, 0, 1.347, 1.53]","[0.993, 0.953, 0.918, 0.666, 0.211]","[1, 2, 3, 4, 2]",yes,correct
93,94,25819796,"Yes, the isolated right hemisphere can support reading, as demonstrated by the 7 participants who showed varying but generally functional reading abilities after left hemispherectomy.",yes,123.289,64,11,"[104.833, 141.745]","[0.7, 0.579]",[],"[['neutral'], ['neutral']]",[],Literacy after cerebral hemispherectomy: Can the isolated right hemisphere read?,83,"[160.4, 60.29]","[0.733, 0.937]","[0, 0]","[0, 0]","[0.45, 0.169]","[1, 2]",yes,correct
94,95,22656647,"Yes, higher socioeconomic status is linked to higher acceptance, though proactive invitation letters can reduce the gap.",yes,252.175,22,55,"[174.508, 233.007, 236.385, 236.451, 236.749, 241.371, 252.4, 267.254, 321.246, 322.38]","[0.471, 0.279, 0.268, 0.267, 0.266, 0.251, 0.215, 0.166, -0.011, -0.015]","[0.347, 0.298]","[['neutral'], ['contradiction'], ['neutral'], ['neutral'], ['contradiction'], ['neutral'], ['neutral'], ['neutral'], ['neutral'], ['neutral']]","[['neutral'], ['neutral']]",Are acceptance rates of a national preventive home visit programme for older people socially imbalanced?,72,"[164.684, 159.906, 174.07, 182.221, 170.053, 191.497, 141.079, 161.268, 152.597, 153.181]","[0.724, 0.734, 0.705, 0.688, 0.713, 0.669, 0.772, 0.731, 0.749, 0.747]","[0, 0, 0, 0, 0, 0, 0, 0, 16.43, 17.94]","[0, 0, 0, 0, 0, 0, 0, 0, 0.821, 0.897]","[0.989, 0.985, 0.946, 0.927, 0.923, 0.876, 0.872, 0.644, 0.991, 0.983]","[2, 3, 5, 6, 7, 8, 9, 10, 1, 4]",yes,correct
95,96,22683044,"Yes, open access publishing increases the impact of scientific articles, as evidenced by higher citation rates and a measurable advantage appearing 30–35 months after publication.",yes,239.793,26,70,"[92.781, 147.961, 162.717, 179.829, 209.104, 278.574, 307.599, 334.763, 337.515, 347.088]","[0.739, 0.558, 0.51, 0.453, 0.357, 0.129, 0.034, -0.056, -0.065, -0.096]","[0.993, 0.981, 0.602]","[['neutral'], ['contradiction'], ['neutral'], ['neutral'], ['neutral'], ['neutral'], ['neutral'], ['neutral'], ['neutral'], ['neutral']]","[['neutral'], ['neutral'], ['neutral']]",Does open access publishing increase the impact of scientific articles?,50,"[171.822, 363.956, 292.819, 367.715, 264.205, 337.644, 346.264, 166.36, 203.393, 215.461]","[0.709, 0.316, 0.462, 0.309, 0.52, 0.37, 0.353, 0.72, 0.645, 0.62]","[0, 0, 0, 0, 0, 0, 0, 11.93, 12.07, 11.71]","[0, 0, 0, 0, 0, 0, 0, 0.596, 0.603, 0.586]","[0.994, 0.986, 0.979, 0.953, 0.849, 0.779, 0.417, 0.994, 0.994, 0.991]","[2, 5, 6, 7, 8, 9, 10, 1, 3, 4]",yes,correct
96,97,22867778,"Yes, responsibility influences public valuation of health care interventions.",yes,98.378,72,2,[98.378],[0.721],[0.866],[['neutral']],[['neutral']],Does responsibility affect the public's valuation of health care interventions?,85,[104.571],[0.847],[17.04],[0.852],[0.985],[1],maybe,incorrect
97,98,21658267,"Yes, gains in clinical services strongly predict lower under‑5 mortality; outreach gains also correlate, though less strongly, and family/community improvements (e.g., breastfeeding, nutrition) predict survival gains, especially in Africa.",yes,171.576,48,38,"[118.728, 128.777, 134.117, 157.772, 173.764, 176.477, 206.477, 214.547, 233.523]","[0.654, 0.621, 0.604, 0.526, 0.473, 0.464, 0.366, 0.339, 0.277]","[1.801, 0.783]","[['neutral'], ['neutral'], ['neutral'], ['contradiction'], ['neutral'], ['neutral'], ['neutral'], ['neutral'], ['neutral']]","[['neutral'], ['neutral']]","Do improvements in outreach, clinical, and family and community-based services predict improvements in child survival?",67,"[220.468, 206.892, 174.249, 229.293, 186.358, 206.497, 197.138, 106.223, 171.072]","[0.61, 0.638, 0.704, 0.592, 0.68, 0.638, 0.658, 0.843, 0.711]","[0, 0, 0, 0, 0, 0, 0, 21.91, 16.73]","[0, 0, 0, 0, 0, 0, 0, 1.095, 0.836]","[0.992, 0.99, 0.989, 0.988, 0.983, 0.97, 0.955, 0.99, 0.972]","[1, 3, 4, 5, 6, 8, 9, 2, 7]",yes,correct
98,99,20363841,"No, symptoms alone are not reliable predictors of COPD in smokers; they add little beyond age and smoking history.",no,168.985,49,46,"[126.399, 156.113, 156.757, 163.425, 165.417, 169.63, 171.365, 171.808, 172.884, 173.163, 178.183, 191.046, 200.619]","[0.629, 0.531, 0.529, 0.507, 0.501, 0.487, 0.481, 0.48, 0.476, 0.475, 0.459, 0.417, 0.385]","[2.073, 0.98, 0.875]","[['contradiction'], ['neutral'], ['neutral'], ['neutral'], ['neutral'], ['neutral'], ['neutral'], ['neutral'], ['contradiction'], ['neutral'], ['neutral'], ['neutral'], ['neutral']]","[['neutral'], ['neutral'], ['neutral']]",Do symptoms predict COPD in smokers?,56,"[231.364, 261.564, 273.808, 217.551, 242.109, 250.154, 258.904, 278.445, 240.781, 254.188, 208.933, 233.901, 235.191]","[0.588, 0.526, 0.501, 0.616, 0.566, 0.549, 0.531, 0.491, 0.568, 0.541, 0.633, 0.582, 0.58]","[0, 0, 0, 0, 0, 0, 0, 0, 0, 0, 10.36, 10.79, 11.13]","[0, 0, 0, 0, 0, 0, 0, 0, 0, 0, 0.518, 0.54, 0.556]","[0.997, 0.996, 0.995, 0.993, 0.993, 0.985, 0.934, 0.854, 0.809, 0.665, 0.988, 0.987, 0.987]","[1, 2, 3, 4, 5, 9, 10, 11, 12, 13, 6, 7, 8]",no,correct
99,100,20187289,"No, prescriptions alone are not a reliable proxy for asthma in children, as many children with asthma do not receive or fill such prescriptions, and medication use can be influenced by other factors.",no,124.675,63,26,"[94.478, 154.873]","[0.734, 0.535]",[],"[['neutral'], ['neutral']]",[],Prescriptions as a proxy for asthma in children: a good choice?,66,"[217.262, 178.425]","[0.616, 0.696]","[0, 0]","[0, 0]","[0.994, 0.12]","[1, 2]",no,correct
100,101,25592625,"Maybe, a brief baseline check (history, HR, BP) is advised, but routine ECG or continuous monitoring is usually unnecessary once normal values are confirmed.",maybe,309.16,3,67,"[188.315, 287.569, 301.821, 313.583, 327.502, 332.527, 352.39, 369.574]","[0.426, 0.099, 0.053, 0.014, -0.032, -0.048, -0.114, -0.17]","[1.574, 0.493]","[['neutral'], ['neutral'], ['neutral'], ['neutral'], ['neutral'], ['neutral'], ['neutral'], ['neutral']]","[['neutral'], ['neutral']]",Is cardiovascular evaluation necessary prior to and during beta-blocker therapy for infantile hemangiomas?,76,"[124.236, 187.715, 184.727, 196.523, 80.995, 203.184, 87.602, 120.202]","[0.807, 0.677, 0.683, 0.659, 0.895, 0.645, 0.881, 0.815]","[0, 0, 0, 0, 0, 0, 17.82, 19.46]","[0, 0, 0, 0, 0, 0, 0.891, 0.973]","[0.99, 0.955, 0.913, 0.899, 0.882, 0.471, 0.988, 0.963]","[1, 4, 5, 6, 7, 8, 2, 3]",no,incorrect
101,102,25859857,"No, neoadjuvant chemotherapy does not alter the frequency or topographic distribution of lymph‑node metastases in cervical cancer, so the extent of lymphadenectomy should remain extensive regardless of NACT response.",no,134.263,60,19,"[71.24, 112.049, 114.719, 126.876, 149.279, 159.547, 159.956, 180.439]","[0.81, 0.676, 0.667, 0.627, 0.554, 0.52, 0.519, 0.451]","[2.357, 0.949, 0.414]","[['neutral'], ['neutral'], ['neutral'], ['neutral'], ['neutral'], ['neutral'], ['neutral'], ['neutral']]","[['neutral'], ['neutral'], ['neutral']]",Could the extent of lymphadenectomy be modified by neoadjuvant chemotherapy in cervical cancer?,77,"[159.565, 99.163, 197.678, 113.253, 150.021, 149.61, 145.151, 130.081, 0]","[0.734, 0.858, 0.656, 0.829, 0.754, 0.755, 0.764, 0.795, 0]","[0, 0, 0, 0, 0, 0, 14.07, 16.03, 12.83]","[0, 0, 0, 0, 0, 0, 0.703, 0.801, 0.641]","[0.97, 0.947, 0.941, 0.842, 0.837, 0.48, 0.763, 0.468, 0.13]","[1, 2, 3, 4, 5, 7, 6, 8, 3]",no,correct
102,103,14745753,"Yes, half‑dose CE‑3D‑MRA with 50 % diluted gadolinium at 1 mL/s produces image quality comparable to a full dose for the abdominal aorta and its major branches.",yes,157.332,53,30,"[130.223, 136.465, 142.615, 158.883, 171.867, 203.937]","[0.616, 0.596, 0.576, 0.522, 0.48, 0.374]","[2.029, 1.541]","[['neutral'], ['neutral'], ['neutral'], ['contradiction'], ['neutral'], ['neutral']]","[['neutral'], ['neutral']]",Is half-dose contrast-enhanced three-dimensional MR angiography sufficient for the abdominal aorta and pelvis?,71,"[182.754, 178.363, 194.386, 184.152, 148.392, 132.907, 0]","[0.687, 0.696, 0.663, 0.684, 0.757, 0.789, 0]","[0, 0, 0, 0, 0, 26.96, 21.61]","[0, 0, 0, 0, 0, 1.348, 1.08]","[0.929, 0.6, 0.264, 0.121, 0.113, 0.952, 0.121]","[2, 3, 4, 5, 6, 1, 2]",yes,correct
103,104,15939071,"Yes, the study shows that a high cumulative regular insulin dose is associated with increased carotid intima‑media thickness, indicating a higher atherosclerosis risk in type 1 diabetes.",yes,111.041,68,10,"[83.015, 87.234, 105.274, 106.853, 172.83]","[0.772, 0.758, 0.698, 0.693, 0.476]",[1.337],"[['entailment'], ['neutral'], ['neutral'], ['neutral'], ['neutral']]",[['neutral']],High cumulative insulin exposure: a risk factor of atherosclerosis in type 1 diabetes?,80,"[124.332, 115.729, 188.47, 140.538, 61.124]","[0.806, 0.824, 0.675, 0.773, 0.936]","[0, 0, 0, 0, 16.48]","[0, 0, 0, 0, 0.824]","[0.992, 0.976, 0.944, 0.838, 0.133]","[1, 2, 3, 4, 5]",yes,correct
104,105,18594195,"Yes, older patients who refuse a self‑management intervention in the Netherlands differ from those who agree: they are generally less motivated, report poorer health status, lower self‑efficacy, and higher levels of depressive symptoms, which are associated with lower willingness to participate.",yes,177.093,46,33,"[128.233, 225.953]","[0.623, 0.302]","[2.507, 0.827]","[['neutral'], ['neutral']]","[['neutral'], ['neutral']]",Do older patients who refuse to participate in a self-management intervention in the Netherlands differ from older patients who agree to participate?,74,"[95.731, 216.781]","[0.865, 0.617]","[30.85, 13.51]","[1.543, 0.676]","[0.81, 0.148]","[1, 2]",yes,correct
105,106,25614468,"Maybe, MRI shows comparable accuracy to MDCT for T and N staging but lower sensitivity than EUS; its role is limited and further studies are needed.",maybe,259.28,19,58,"[210.032, 251.37, 263.73, 263.925, 264.243, 266.606, 295.051]","[0.354, 0.218, 0.178, 0.177, 0.176, 0.168, 0.075]","[0.885, 0.509]","[['contradiction'], ['neutral'], ['neutral'], ['neutral'], ['neutral'], ['neutral'], ['contradiction']]","[['neutral'], ['contradiction']]",Preoperative locoregional staging of gastric cancer: is there a place for magnetic resonance imaging?,71,"[180.933, 204.95, 167.205, 190.655, 173.382, 84.874, 186.759]","[0.691, 0.642, 0.719, 0.671, 0.706, 0.887, 0.679]","[0, 0, 0, 0, 0, 21.3, 12.29]","[0, 0, 0, 0, 0, 1.065, 0.615]","[0.99, 0.97, 0.605, 0.451, 0.285, 0.875, 0.668]","[1, 2, 5, 6, 7, 3, 4]",no,incorrect
106,107,26879871,"Yes, depression diagnosis and antidepressant prescribing differ by location, showing significant variation across neighbourhoods and ethnic groups.",yes,138.502,59,28,"[73.476, 106.024, 117.146, 124.619, 127.034, 128.764, 137.412, 140.554, 150.199, 163.647, 174.963, 177.75, 178.934]","[0.803, 0.696, 0.659, 0.635, 0.627, 0.621, 0.593, 0.582, 0.551, 0.507, 0.469, 0.46, 0.456]","[0.75, 0.314, 0.286]","[['neutral'], ['neutral'], ['neutral'], ['contradiction'], ['neutral'], ['neutral'], ['neutral'], ['neutral'], ['neutral'], ['neutral'], ['neutral'], ['neutral'], ['contradiction']]","[['neutral'], ['neutral'], ['contradiction']]",Does depression diagnosis and antidepressant prescribing vary by location?,67,"[212.379, 183.702, 136.586, 203.348, 220.865, 214.161, 186.528, 220.869, 185.851, 228.804, 106.455, 203.842, 152.235]","[0.626, 0.685, 0.781, 0.645, 0.609, 0.623, 0.679, 0.609, 0.681, 0.593, 0.843, 0.644, 0.749]","[0, 0, 0, 0, 0, 0, 0, 0, 0, 0, 15.45, 15.09, 16.23]","[0, 0, 0, 0, 0, 0, 0, 0, 0, 0, 0.772, 0.754, 0.811]","[0.996, 0.995, 0.992, 0.99, 0.99, 0.989, 0.985, 0.821, 0.629, 0.251, 0.995, 0.995, 0.986]","[1, 3, 5, 6, 7, 8, 10, 11, 12, 13, 2, 4, 9]",yes,correct
107,108,18307476,"Yes, the study shows that increasing the maximum SSI benefit by $100 reduces disability among the poorest elderly by roughly 15‑20 %, indicating that SSI does lower disability in this group.",yes,153.097,54,38,"[133.096, 142.652, 147.842, 151.634, 152.591, 190.766]","[0.607, 0.576, 0.559, 0.546, 0.543, 0.418]","[3.201, 1.198, 1.083]","[['neutral'], ['neutral'], ['neutral'], ['neutral'], ['neutral'], ['neutral']]","[['neutral'], ['neutral'], ['entailment']]",Upstream solutions: does the supplemental security income program reduce disability in the elderly?,60,"[227.754, 233.899, 238.235, 236.728, 225.909, 196.791, 0]","[0.595, 0.582, 0.574, 0.577, 0.599, 0.658, 0]","[0, 0, 0, 0, 14.06, 22.47, 16.37]","[0, 0, 0, 0, 0.703, 1.123, 0.819]","[0.975, 0.973, 0.835, 0.203, 0.981, 0.894, 0.975]","[2, 3, 5, 6, 1, 4, 1]",yes,correct
108,109,15151701,"Yes, peer review can help profile quality of care, but its effectiveness depends on structured methods, reviewer training, and clear criteria; without these, reliability and consistency are limited.",yes,174.329,47,39,"[126.408, 143.783, 177.333, 181.699, 183.047, 198.182, 209.853]","[0.629, 0.572, 0.462, 0.447, 0.443, 0.393, 0.355]","[1.483, 1.063]","[['neutral'], ['neutral'], ['neutral'], ['neutral'], ['neutral'], ['neutral'], ['neutral']]","[['neutral'], ['neutral']]",Profiling quality of care: Is there a role for peer review?,66,"[129.496, 236.306, 244.346, 182.386, 192.441, 224.594, 169.343]","[0.796, 0.577, 0.561, 0.688, 0.667, 0.601, 0.714]","[0, 0, 0, 0, 0, 8.16, 8.77]","[0, 0, 0, 0, 0, 0.408, 0.439]","[0.995, 0.991, 0.948, 0.748, 0.121, 0.984, 0.582]","[1, 2, 4, 5, 7, 3, 6]",yes,correct
109,110,21569408,"No, the study found the deprivation‑mortality relationship to be homogeneous across regions, indicating context does not alter it.",no,154.805,54,28,"[122.578, 124.542, 131.653, 142.705, 148.594, 155.816, 156.427, 160.508, 163.043, 164.024, 165.447, 175.156, 177.51, 179.274]","[0.642, 0.635, 0.612, 0.575, 0.556, 0.532, 0.53, 0.517, 0.509, 0.505, 0.501, 0.469, 0.461, 0.455]","[1.3, 1.139, 0.821]","[['neutral'], ['neutral'], ['neutral'], ['neutral'], ['neutral'], ['neutral'], ['neutral'], ['neutral'], ['neutral'], ['neutral'], ['neutral'], ['neutral'], ['contradiction'], ['neutral']]","[['neutral'], ['contradiction'], ['neutral']]",Does context matter for the relationship between deprivation and all-cause mortality?,72,"[180.427, 157.848, 166.904, 162.75, 187.367, 156.489, 176.863, 188.724, 181.7, 177.212, 159.257, 165.929, 100.699, 172.576]","[0.692, 0.738, 0.719, 0.728, 0.678, 0.741, 0.699, 0.675, 0.689, 0.698, 0.735, 0.721, 0.855, 0.708]","[0, 0, 0, 0, 0, 0, 0, 0, 0, 0, 0, 12.4, 15.8, 12.23]","[0, 0, 0, 0, 0, 0, 0, 0, 0, 0, 0, 0.62, 0.79, 0.612]","[0.995, 0.991, 0.989, 0.988, 0.985, 0.984, 0.983, 0.981, 0.943, 0.934, 0.711, 0.993, 0.991, 0.279]","[1, 4, 5, 6, 7, 8, 9, 10, 11, 12, 13, 2, 3, 14]",no,correct
110,111,23587089,"Yes, Dutch primary schools’ food policies need improvement: many lack clear rules, enforcement is inconsistent, and both teachers and parents see the school’s role as supportive but not decisive. Clear, enforceable guidelines, better communication with parents, and collaboration with nutrition experts are recommended to strengthen the policy’s impact on children’s dietary behaviour.",yes,107.301,69,14,"[63.606, 86.355, 87.104, 87.704, 104.374, 105.567, 106.244, 111.568, 111.656, 113.475, 114.266, 114.622, 123.298, 124.593, 155.079]","[0.835, 0.761, 0.758, 0.756, 0.701, 0.697, 0.695, 0.678, 0.677, 0.671, 0.669, 0.668, 0.639, 0.635, 0.535]","[4.766, 2.372, 1.668]","[['neutral'], ['neutral'], ['neutral'], ['neutral'], ['neutral'], ['neutral'], ['neutral'], ['neutral'], ['neutral'], ['neutral'], ['neutral'], ['neutral'], ['neutral'], ['neutral'], ['neutral']]","[['neutral'], ['neutral'], ['neutral']]",School food policy at Dutch primary schools: room for improvement?,74,"[166.43, 158.585, 122.546, 181.303, 175.355, 158.852, 162.177, 154.113, 182.65, 175.451, 157.702, 176.644, 144.31, 78.493, 156.428]","[0.72, 0.736, 0.81, 0.69, 0.702, 0.736, 0.729, 0.745, 0.687, 0.702, 0.738, 0.699, 0.766, 0.9, 0.741]","[0, 0, 0, 0, 0, 0, 0, 0, 0, 0, 0, 0, 17.37, 20.69, 16.83]","[0, 0, 0, 0, 0, 0, 0, 0, 0, 0, 0, 0, 0.868, 1.035, 0.841]","[0.995, 0.994, 0.992, 0.992, 0.988, 0.987, 0.985, 0.965, 0.962, 0.96, 0.925, 0.572, 0.994, 0.989, 0.197]","[1, 3, 4, 5, 7, 8, 9, 10, 11, 12, 13, 14, 2, 6, 15]",yes,correct
111,112,21881325,"Yes, preoperative statins reduce postoperative atrial fibrillation after CABG.",yes,168.611,49,32,"[130.955, 149.612, 156.61, 160.454, 160.969, 186.57, 194.441, 209.276]","[0.614, 0.553, 0.53, 0.517, 0.515, 0.431, 0.405, 0.357]","[1.634, 0.586, 0.582]","[['entailment'], ['entailment'], ['neutral'], ['neutral'], ['contradiction'], ['entailment'], ['entailment'], ['neutral']]","[['entailment'], ['entailment'], ['neutral']]",Do preoperative statins reduce atrial fibrillation after coronary artery bypass grafting?,73,"[209.188, 212.174, 204.285, 102.787, 169.545, 140.028, 127.568, 123.985]","[0.633, 0.627, 0.643, 0.85, 0.714, 0.774, 0.8, 0.807]","[0, 0, 0, 0, 0, 18.67, 23.39, 22.45]","[0, 0, 0, 0, 0, 0.934, 1.17, 1.122]","[0.987, 0.983, 0.98, 0.862, 0.83, 0.99, 0.989, 0.987]","[4, 5, 6, 7, 8, 1, 2, 3]",yes,correct
112,113,26134053,"Yes, the study shows that active outcome feedback is largely absent yet highly valued by residents, indicating it could be leveraged to support deliberate practice and enhance performance in emergency medicine training.",yes,281.255,12,100,"[150.558, 248.452, 322.464, 340.006, 344.793]","[0.55, 0.228, -0.015, -0.073, -0.089]","[1.883, 1.826, 1.274]","[['neutral'], ['neutral'], ['neutral'], ['neutral'], ['neutral']]","[['neutral'], ['neutral'], ['neutral']]",Outcome Feedback within Emergency Medicine Training Programs: An Opportunity to Apply the Theory of Deliberate Practice?,26,"[442.21, 416.352, 388.651, 415.358, 299.769, 0, 0]","[0.157, 0.209, 0.266, 0.211, 0.448, 0, 0]","[0, 0, 0, 0, 23.88, 19.27, 16.93]","[0, 0, 0, 0, 1.194, 0.963, 0.846]","[0.975, 0.93, 0.148, 0.134, 0.885, 0.99, 0.973]","[1, 2, 4, 5, 3, 1, 2]",maybe,incorrect
113,114,25274085,"Yes, adding validated SNP scores to clinical models modestly improves discrimination (c‑index rises from ~0.20 to ~0.22), indicating potential benefit, but performance remains limited and further validation is needed.",yes,266.485,17,61,"[221.619, 236.726, 261.508, 297.618, 314.952]","[0.316, 0.266, 0.185, 0.066, 0.009]","[1.688, 0.583]","[['neutral'], ['neutral'], ['neutral'], ['neutral'], ['neutral']]","[['neutral'], ['neutral']]",Can multiple SNP testing in BRCA2 and BRCA1 female carriers be used to improve risk prediction models in conjunction with clinical assessment?,70,"[218.828, 227.51, 210.909, 141.858, 80.302]","[0.613, 0.595, 0.629, 0.771, 0.896]","[0, 0, 0, 20.47, 27.82]","[0, 0, 0, 1.024, 1.391]","[0.828, 0.345, 0.154, 0.979, 0.887]","[3, 4, 5, 1, 2]",no,incorrect
114,115,19468282,"Yes, it predicts functional outcomes such as chronic ambulation and guides prognosis and rehabilitation planning.",yes,304.726,4,77,"[262.296, 285.89, 300.483, 300.917, 304.448, 307.56, 316.125, 323.579, 341.24]","[0.182, 0.105, 0.057, 0.056, 0.044, 0.034, 0.006, -0.019, -0.077]","[1.083, 0.637, 0.0]","[['contradiction'], ['neutral'], ['contradiction'], ['neutral'], ['contradiction'], ['contradiction'], ['neutral'], ['neutral'], ['contradiction']]","[['neutral'], ['neutral'], ['contradiction']]",Is determination between complete and incomplete traumatic spinal cord injury clinically relevant?,64,"[218.084, 212.919, 213.039, 236.337, 223.65, 224.502, 183.867, 132.865, 207.24]","[0.615, 0.625, 0.625, 0.577, 0.603, 0.602, 0.685, 0.789, 0.637]","[0, 0, 0, 0, 0, 0, 15.26, 20.27, 16.62]","[0, 0, 0, 0, 0, 0, 0.763, 1.013, 0.831]","[0.973, 0.852, 0.788, 0.73, 0.206, 0.167, 0.923, 0.921, 0.47]","[1, 4, 5, 6, 8, 9, 2, 3, 7]",maybe,incorrect
115,116,25371231,"Yes, evidence suggests that low vitamin D levels—both insufficiency and deficiency—are associated with the initiation and progression of osteochondritis dissecans.",yes,135.31,60,20,"[84.946, 145.965, 151.963, 158.368]","[0.765, 0.565, 0.545, 0.524]",[1.107],"[['neutral'], ['neutral'], ['neutral'], ['neutral']]",[['neutral']],Is vitamin D insufficiency or deficiency related to the development of osteochondritis dissecans?,76,"[179.737, 177.606, 155.808, 73.31]","[0.693, 0.697, 0.742, 0.911]","[0, 0, 0, 20.18]","[0, 0, 0, 1.009]","[0.949, 0.936, 0.745, 0.981]","[2, 3, 4, 1]",maybe,incorrect
116,117,20530150,"No, cholecystectomy alone is not an indication for splenectomy in mild hereditary spherocytosis; splenectomy should be reserved for haematological indications.",no,144.226,57,24,"[107.357, 136.37, 140.512, 152.046, 155.353, 158.23, 159.715]","[0.692, 0.596, 0.583, 0.545, 0.534, 0.524, 0.52]",[0.921],"[['neutral'], ['neutral'], ['neutral'], ['contradiction'], ['neutral'], ['neutral'], ['neutral']]",[['neutral']],Is cholecystectomy really an indication for concomitant splenectomy in mild hereditary spherocytosis?,74,"[180.278, 157.331, 136.055, 153.505, 149.107, 161.465, 161.309]","[0.692, 0.739, 0.782, 0.747, 0.756, 0.73, 0.731]","[0, 0, 0, 0, 0, 0, 16.87]","[0, 0, 0, 0, 0, 0, 0.844]","[0.574, 0.47, 0.443, 0.422, 0.183, 0.124, 0.993]","[2, 3, 4, 5, 6, 7, 1]",no,correct
117,118,26085176,"Yes, the study shows T1‑weighted imaging alone detects bone metastases with comparable sensitivity and specificity at both 1.5 T and 3 T, and STIR adds no diagnostic benefit, especially at 3 T.",yes,289.534,9,93,"[174.101, 227.796, 230.838, 347.023, 359.329, 398.116]","[0.472, 0.296, 0.286, -0.096, -0.136, -0.264]","[1.303, 0.787]","[['neutral'], ['neutral'], ['neutral'], ['contradiction'], ['entailment'], ['contradiction']]","[['neutral'], ['neutral']]",MR Diagnosis of Bone Metastases at 1.5 T and 3 T: Can STIR Imaging Be Omitted?,39,"[333.179, 348.05, 268.856, 335.215, 335.911, 359.262, 0, 0]","[0.379, 0.349, 0.511, 0.375, 0.374, 0.326, 0, 0]","[0, 0, 0, 0, 0, 0, 14.63, 17.02]","[0, 0, 0, 0, 0, 0, 0.732, 0.851]","[0.977, 0.961, 0.938, 0.727, 0.476, 0.211, 0.926, 0.267]","[1, 2, 3, 4, 5, 6, 1, 2]",yes,correct
118,119,21256734,"No, baseline pain intensity does not predict a poor opioid response; appropriate titration yields similar outcomes across mild, moderate, and severe pain levels.",no,151.774,55,23,"[90.301, 98.533, 114.123, 121.243, 148.095, 173.697, 179.709, 213.165, 227.098]","[0.748, 0.721, 0.669, 0.646, 0.558, 0.474, 0.454, 0.344, 0.298]",[1.86],"[['neutral'], ['neutral'], ['neutral'], ['neutral'], ['neutral'], ['neutral'], ['neutral'], ['neutral'], ['neutral']]",[['neutral']],Does pain intensity predict a poor opioid response in cancer patients?,77,"[148.481, 161.748, 170.386, 152.022, 179.269, 60.674, 179.786, 100.125, 134.882]","[0.757, 0.73, 0.712, 0.75, 0.694, 0.937, 0.693, 0.856, 0.785]","[0, 0, 0, 0, 0, 0, 0, 0, 15.05]","[0, 0, 0, 0, 0, 0, 0, 0, 0.753]","[0.986, 0.974, 0.949, 0.513, 0.232, 0.129, 0.121, 0.11, 0.994]","[2, 3, 4, 5, 6, 7, 8, 9, 1]",no,correct
119,120,28027677,"Yes, availability of prerecorded VODcasts tends to reduce attendance among first‑year pre‑clinical Graduate Entry to Medicine students.",yes,281.164,12,87,"[255.245, 256.529, 261.283, 262.89, 280.387, 281.264, 282.501, 302.3, 314.163, 315.08]","[0.206, 0.201, 0.186, 0.181, 0.123, 0.12, 0.116, 0.051, 0.012, 0.009]","[0.586, 0.227]","[['neutral'], ['neutral'], ['neutral'], ['neutral'], ['neutral'], ['neutral'], ['neutral'], ['neutral'], ['neutral'], ['neutral']]","[['neutral'], ['neutral']]",Do prerecorded lecture VODcasts affect lecture attendance of first-yearpre-clinical Graduate Entry to Medicine students?,44,"[262.378, 294.845, 320.761, 312.499, 331.391, 320.101, 312.947, 298.564, 305.384, 270.367, 0]","[0.524, 0.458, 0.405, 0.422, 0.383, 0.406, 0.421, 0.45, 0.436, 0.508, 0]","[0, 0, 0, 0, 0, 0, 0, 0, 0, 11.46, 15.17]","[0, 0, 0, 0, 0, 0, 0, 0, 0, 0.573, 0.758]","[0.994, 0.986, 0.97, 0.957, 0.954, 0.832, 0.743, 0.283, 0.188, 0.87, 0.235]","[1, 2, 3, 4, 5, 7, 8, 9, 10, 6, 2]",no,incorrect
120,121,17595200,"No, the study found maternal and paternal BMI associations with child BMI were similar, indicating no strong intrauterine influence on obesity at the population level.",no,138.922,59,27,"[75.688, 76.853, 88.12, 109.047, 125.251, 129.625, 148.88, 148.902, 161.355, 166.092, 170.746, 188.913, 216.518]","[0.796, 0.792, 0.755, 0.686, 0.633, 0.618, 0.555, 0.555, 0.514, 0.499, 0.483, 0.424, 0.333]","[4.866, 1.06, 0.592]","[['contradiction'], ['neutral'], ['neutral'], ['neutral'], ['neutral'], ['neutral'], ['neutral'], ['neutral'], ['neutral'], ['neutral'], ['neutral'], ['entailment'], ['neutral']]","[['neutral'], ['entailment'], ['neutral']]",Is there an intrauterine influence on obesity?,69,"[225.418, 194.686, 229.989, 168.438, 190.515, 204.031, 238.309, 131.566, 195.111, 184.632, 160.769, 138.342, 117.005]","[0.6, 0.663, 0.59, 0.716, 0.671, 0.643, 0.573, 0.792, 0.662, 0.683, 0.732, 0.778, 0.821]","[0, 0, 0, 0, 0, 0, 0, 0, 0, 0, 8.71, 9.23, 7.21]","[0, 0, 0, 0, 0, 0, 0, 0, 0, 0, 0.436, 0.462, 0.36]","[0.997, 0.996, 0.993, 0.992, 0.992, 0.991, 0.991, 0.94, 0.573, 0.472, 0.996, 0.884, 0.335]","[1, 3, 4, 5, 6, 7, 8, 9, 11, 12, 2, 10, 13]",no,correct
121,122,27216167,"Yes, higher educational level was significantly associated with increased odds of specialist contact; other lifestyle and socioeconomic factors (age, smoking, alcohol, BMI, income, employment, ethnicity, marital status) showed no significant association.",yes,236.294,27,47,"[170.312, 217.294, 234.059, 239.029, 241.392, 264.489, 287.48]","[0.485, 0.33, 0.275, 0.259, 0.251, 0.175, 0.1]","[1.27, 0.902, 0.559]","[['neutral'], ['neutral'], ['contradiction'], ['neutral'], ['contradiction'], ['neutral'], ['contradiction']]","[['contradiction'], ['neutral'], ['contradiction']]",Gynecological cancer alarm symptoms: is contact with specialist care associated with lifestyle and socioeconomic status?,76,"[181.422, 197.484, 177.837, 172.335, 129.646, 110.748, 71.539]","[0.69, 0.657, 0.697, 0.708, 0.796, 0.834, 0.914]","[0, 0, 0, 0, 24.26, 25.24, 25.92]","[0, 0, 0, 0, 1.213, 1.262, 1.296]","[0.978, 0.947, 0.909, 0.498, 0.989, 0.957, 0.257]","[2, 4, 5, 6, 1, 3, 7]",yes,correct
122,123,25417760,"Yes, they differ. Perimenopause/post‑menopause raises recurrence risk but not first‑onset; hormone levels are not linked. Prior anxiety, life events, and other psychosocial factors predict first‑onset.",yes,205.495,37,37,"[151.467, 191.447, 193.247, 222.156, 223.533, 227.49, 229.124]","[0.547, 0.415, 0.409, 0.314, 0.31, 0.297, 0.291]","[1.356, 0.913]","[['neutral'], ['neutral'], ['contradiction'], ['neutral'], ['neutral'], ['neutral'], ['neutral']]","[['neutral'], ['neutral']]",Risk factors for major depression during midlife among a community sample of women with and without prior major depression: are they the same or different?,78,"[133.6, 136.638, 164.546, 169.976, 157.377, 148.186, 51.63]","[0.787, 0.781, 0.724, 0.713, 0.739, 0.758, 0.955]","[0, 0, 0, 0, 0, 21.55, 27.25]","[0, 0, 0, 0, 0, 1.078, 1.363]","[0.965, 0.932, 0.808, 0.675, 0.11, 0.984, 0.975]","[3, 4, 5, 6, 7, 1, 2]",no,incorrect
123,124,22365295,"No, prophylactic antibiotics are not necessary for TIV‑AD placement by interventional radiologists.",no,210.17,35,45,"[145.868, 153.677, 205.75, 211.008, 217.544, 327.173]","[0.565, 0.539, 0.368, 0.351, 0.33, -0.031]","[1.269, 0.533]","[['neutral'], ['neutral'], ['contradiction'], ['neutral'], ['neutral'], ['neutral']]","[['neutral'], ['neutral']]",Totally implantable venous access device placement by interventional radiologists: are prophylactic antibiotics necessary?,71,"[182.454, 176.749, 154.137, 219.385, 213.998, 95.17, 0]","[0.688, 0.699, 0.745, 0.612, 0.623, 0.866, 0]","[0, 0, 0, 0, 0, 23.91, 22.07]","[0, 0, 0, 0, 0, 1.196, 1.104]","[0.978, 0.67, 0.582, 0.392, 0.312, 0.974, 0.984]","[1, 3, 4, 5, 6, 2, 1]",no,correct
124,125,25779009,"Yes, it is a study evaluating the bactericidal activity of three cutaneous/mucosal antiseptic solutions in the presence of interfering substances, proposing improvements to the NF EN 13727 European Standard.",yes,143.445,57,81,[143.445],[0.573],"[1.315, 0.997]",[['entailment']],"[['entailment'], ['entailment']]",Bactericidal activity of 3 cutaneous/mucosal antiseptic solutions in the presence of interfering substances: Improvement of the NF EN 13727 European Standard?,6,"[165.618, 0]","[0.722, 0]","[32.71, 41.41]","[1.636, 2.07]","[0.155, 0.18]","[14, 3]",maybe,incorrect
125,126,24964725,"Yes, the significant gains in RKI scores and the positive shifts on RAQ items that link faith to recovery demonstrate that culture, attitudes, and faith are relevant and useful components of recovery outcome measures.",yes,255.813,20,89,"[212.942, 216.881, 231.912, 251.846, 287.003, 288.336, 301.774]","[0.345, 0.332, 0.282, 0.217, 0.101, 0.097, 0.053]","[1.728, 0.981, 0.618]","[['contradiction'], ['neutral'], ['neutral'], ['contradiction'], ['neutral'], ['neutral'], ['contradiction']]","[['neutral'], ['neutral'], ['contradiction']]","Recovery Outcome Measures: Is There a Place for Culture, Attitudes, and Faith?",33,"[359.544, 391.598, 368.902, 399.274, 398.191, 362.064, 235.566]","[0.326, 0.26, 0.306, 0.244, 0.247, 0.32, 0.579]","[0, 0, 0, 0, 13.64, 13.91, 14.71]","[0, 0, 0, 0, 0.682, 0.696, 0.736]","[0.996, 0.995, 0.992, 0.987, 0.996, 0.989, 0.985]","[1, 3, 4, 6, 2, 5, 7]",yes,correct
126,127,20674150,"Maybe, the 2009 TNM staging shows significant prognostic separation overall, but the lack of statistical difference between pT2b and pT3a suggests room for refinement.",maybe,248.437,23,57,"[138.002, 171.377, 239.428, 248.708, 252.046, 259.785, 286.471, 288.823, 295.745, 303.983]","[0.591, 0.481, 0.258, 0.227, 0.216, 0.191, 0.103, 0.095, 0.073, 0.045]","[0.753, 0.631, 0.255]","[['neutral'], ['neutral'], ['neutral'], ['neutral'], ['neutral'], ['neutral'], ['neutral'], ['neutral'], ['neutral'], ['contradiction']]","[['neutral'], ['contradiction'], ['neutral']]",Validation of the 2009 TNM version in a large multi-institutional cohort of patients treated for renal cell carcinoma: are further improvements needed?,68,"[218.531, 165.605, 208.414, 184.09, 168.998, 200.477, 190.609, 169.646, 167.467, 174.802, 0]","[0.614, 0.722, 0.634, 0.684, 0.715, 0.651, 0.671, 0.714, 0.718, 0.703, 0]","[0, 0, 0, 0, 0, 0, 0, 0, 16.25, 16.23, 21.12]","[0, 0, 0, 0, 0, 0, 0, 0, 0.812, 0.811, 1.056]","[0.994, 0.993, 0.985, 0.971, 0.821, 0.485, 0.452, 0.389, 0.98, 0.907, 0.728]","[1, 2, 3, 5, 7, 8, 9, 10, 4, 6, 3]",yes,incorrect
127,128,22668852,"No, after adjusting for weight, age, and other factors, African American women do not require fewer calories to maintain weight.",no,159.692,52,35,"[105.035, 132.478, 145.186, 151.328, 161.196, 166.257, 166.598, 170.359, 182.547, 186.848, 188.775]","[0.699, 0.609, 0.567, 0.547, 0.515, 0.498, 0.497, 0.485, 0.445, 0.43, 0.424]","[2.65, 2.31, 1.067]","[['neutral'], ['neutral'], ['neutral'], ['neutral'], ['neutral'], ['neutral'], ['contradiction'], ['contradiction'], ['entailment'], ['neutral'], ['neutral']]","[['entailment'], ['neutral'], ['neutral']]",Do African American women require fewer calories to maintain weight?,66,"[197.96, 203.21, 216.095, 185.222, 213.916, 205.671, 212.519, 224.97, 140.833, 134.716, 202.208]","[0.656, 0.645, 0.619, 0.682, 0.623, 0.64, 0.626, 0.601, 0.773, 0.785, 0.647]","[0, 0, 0, 0, 0, 0, 0, 0, 15.62, 20.77, 13.31]","[0, 0, 0, 0, 0, 0, 0, 0, 0.781, 1.039, 0.665]","[0.995, 0.994, 0.989, 0.983, 0.972, 0.916, 0.517, 0.163, 0.99, 0.711, 0.463]","[1, 2, 4, 5, 6, 7, 9, 11, 3, 8, 10]",no,correct
128,129,11882828,"Yes, tranexamic acid reduces desmopressin‑induced hyperfibrinolysis, lowering postoperative bleeding and transfusion needs.",yes,120.62,65,16,"[95.024, 100.345, 109.985, 114.759, 140.04, 163.565]","[0.732, 0.715, 0.683, 0.667, 0.584, 0.507]","[1.402, 0.679, 0.393]","[['neutral'], ['neutral'], ['neutral'], ['neutral'], ['neutral'], ['neutral']]","[['neutral'], ['neutral'], ['neutral']]",Does tranexamic acid reduce desmopressin-induced hyperfibrinolysis?,76,"[140.518, 216.557, 122.795, 110.801, 181.787, 96.436]","[0.773, 0.618, 0.81, 0.834, 0.689, 0.863]","[0, 0, 0, 16.07, 15.87, 17.88]","[0, 0, 0, 0.803, 0.793, 0.894]","[0.993, 0.143, 0.12, 0.996, 0.989, 0.984]","[2, 5, 6, 1, 3, 4]",yes,correct
129,130,22979954,"Yes, the study shows higher failure rates—especially in nulliparous women—and overall rates exceed expectations, indicating that failed IUD insertions in community practice are an under‑recognized problem that warrants further investigation.",yes,124.927,63,36,"[111.497, 138.357]","[0.678, 0.59]",[],"[['neutral'], ['entailment']]",[],Failed IUD insertions in community practice: an under-recognized problem?,54,"[234.892, 273.693]","[0.58, 0.501]","[0, 0]","[0, 0]","[0.798, 0.78]","[1, 2]",yes,correct
130,131,18507507,"Yes, they can be worth the price when robust pharmacoeconomic data demonstrate superior clinical outcomes, reduced long‑term costs, and improved quality of life, but many lack such evidence, so value remains uncertain.",yes,219.921,32,52,"[129.822, 165.48, 166.82, 191.276, 206.402, 209.973, 252.114, 253.395, 269.45, 274.75, 299.646]","[0.618, 0.501, 0.496, 0.416, 0.366, 0.354, 0.216, 0.212, 0.159, 0.142, 0.06]","[1.178, 0.439, 0.096]","[['neutral'], ['neutral'], ['neutral'], ['neutral'], ['neutral'], ['neutral'], ['neutral'], ['neutral'], ['neutral'], ['neutral'], ['neutral']]","[['neutral'], ['neutral'], ['neutral']]",The promise of specialty pharmaceuticals: are they worth the price?,66,"[140.753, 155.46, 166.855, 150.889, 178.096, 202.907, 248.064, 229.654, 226.526, 219.904, 219.843, 0]","[0.773, 0.743, 0.719, 0.752, 0.696, 0.646, 0.553, 0.591, 0.597, 0.611, 0.611, 0]","[0, 0, 0, 0, 0, 0, 0, 0, 0, 14.71, 14.98, 15.47]","[0, 0, 0, 0, 0, 0, 0, 0, 0, 0.735, 0.749, 0.773]","[0.996, 0.995, 0.993, 0.992, 0.992, 0.972, 0.804, 0.276, 0.162, 0.995, 0.931, 0.629]","[1, 2, 4, 5, 6, 7, 9, 10, 11, 3, 8, 3]",yes,correct
131,132,17323047,"No, invasive diagnosis of nosocomial pneumonia during off‑hours does not delay treatment; the study found that time from bronchoscopy to antibiotic administration was actually shorter than during day shifts.",no,131.775,61,23,"[97.369, 97.611, 114.143, 114.453, 114.993, 126.06, 137.056, 141.429, 144.551, 157.188, 164.352, 172.091]","[0.724, 0.724, 0.669, 0.668, 0.666, 0.63, 0.594, 0.58, 0.569, 0.528, 0.504, 0.479]","[4.469, 1.618, 1.322]","[['neutral'], ['neutral'], ['neutral'], ['neutral'], ['neutral'], ['neutral'], ['neutral'], ['neutral'], ['neutral'], ['entailment'], ['neutral'], ['entailment']]","[['entailment'], ['neutral'], ['entailment']]",Does invasive diagnosis of nosocomial pneumonia during off-hours delay treatment?,71,"[168.499, 218.433, 210.856, 193.004, 149.628, 151.173, 209.108, 160.188, 189.544, 110.781, 153.009, 162.554]","[0.716, 0.614, 0.629, 0.666, 0.755, 0.752, 0.633, 0.733, 0.673, 0.834, 0.748, 0.728]","[0, 0, 0, 0, 0, 0, 0, 0, 0, 13.9, 15.74, 14.08]","[0, 0, 0, 0, 0, 0, 0, 0, 0, 0.695, 0.787, 0.704]","[0.994, 0.992, 0.984, 0.952, 0.94, 0.94, 0.889, 0.777, 0.546, 0.991, 0.964, 0.103]","[1, 2, 4, 6, 7, 8, 9, 10, 11, 3, 5, 12]",no,correct
132,133,25501465,"No, the radiographic scout image is not necessary for pediatric VCUG; it adds non‑negligible dose without providing clinically significant or management‑changing information.",no,185.361,44,42,"[131.304, 139.28, 149.351, 155.474, 205.461, 213.227, 229.82, 258.974]","[0.613, 0.587, 0.554, 0.533, 0.369, 0.344, 0.289, 0.193]","[2.5, 0.765]","[['neutral'], ['neutral'], ['neutral'], ['neutral'], ['neutral'], ['neutral'], ['neutral'], ['neutral']]","[['neutral'], ['neutral']]",Evaluation of pediatric VCUG at an academic children's hospital: is the radiographic scout image necessary?,66,"[134.288, 162.373, 245.781, 179.944, 243.58, 232.012, 110.782, 239.378]","[0.786, 0.729, 0.558, 0.693, 0.563, 0.586, 0.834, 0.571]","[0, 0, 0, 0, 0, 0, 23.89, 18.25]","[0, 0, 0, 0, 0, 0, 1.195, 0.912]","[0.996, 0.951, 0.94, 0.905, 0.394, 0.173, 0.766, 0.381]","[1, 2, 3, 4, 6, 8, 5, 7]",no,correct
133,134,23949294,"Yes, the study shows >90% of patients had VL <200 copies/mL, half were suppressed on first‑line ART, and only 16% required third‑line drugs, indicating feasibility of long‑term viral load suppression in resource‑limited settings.",yes,172.397,48,34,"[120.775, 136.025, 140.149, 167.939, 172.103, 206.407, 206.515, 229.263]","[0.647, 0.597, 0.584, 0.493, 0.479, 0.366, 0.366, 0.291]","[7.235, 1.341, 0.563]","[['neutral'], ['neutral'], ['neutral'], ['neutral'], ['neutral'], ['neutral'], ['neutral'], ['neutral']]","[['neutral'], ['neutral'], ['neutral']]",Treatment as prevention in resource-limited settings: is it feasible to maintain HIV viral load suppression over time?,71,"[181.814, 240.334, 172.798, 211.996, 240.236, 134.016, 129.616, 57.984]","[0.689, 0.569, 0.707, 0.627, 0.569, 0.787, 0.796, 0.942]","[0, 0, 0, 0, 0, 22.33, 22.21, 26.77]","[0, 0, 0, 0, 0, 1.116, 1.11, 1.339]","[0.996, 0.996, 0.994, 0.921, 0.903, 0.998, 0.997, 0.982]","[3, 4, 5, 7, 8, 1, 2, 6]",yes,correct
134,135,17610439,"Yes, evidence shows higher mortality, lower procedure rates, and delayed care on weekends, indicating lower quality care.",yes,158.676,52,33,"[121.38, 145.522, 157.635, 180.871, 187.97]","[0.646, 0.566, 0.526, 0.45, 0.427]","[2.205, 1.541, 0.774]","[['neutral'], ['neutral'], ['neutral'], ['neutral'], ['neutral']]","[['neutral'], ['neutral'], ['neutral']]",Do hospitals provide lower quality care on weekends?,68,"[172.275, 196.337, 200.205, 164.99, 192.82, 0]","[0.708, 0.659, 0.651, 0.723, 0.666, 0]","[0, 0, 0, 9.66, 9.95, 11.63]","[0, 0, 0, 0.483, 0.498, 0.582]","[0.98, 0.975, 0.973, 0.988, 0.815, 0.992]","[2, 3, 4, 1, 5, 1]",yes,correct
135,136,10158597,"Yes, the study found that a dedicated discharge coordinator improved the quality of hospital discharge planning, though it incurred additional costs.",yes,208.947,36,57,"[179.032, 188.413, 197.538, 208.754, 239.337, 240.609]","[0.456, 0.425, 0.395, 0.358, 0.258, 0.254]","[1.03, 0.632]","[['neutral'], ['contradiction'], ['neutral'], ['neutral'], ['neutral'], ['neutral']]","[['neutral'], ['contradiction']]",Does a dedicated discharge coordinator improve the quality of hospital discharge?,56,"[266.971, 249.486, 254.522, 232.724, 215.641, 249.755, 0]","[0.515, 0.551, 0.54, 0.585, 0.62, 0.55, 0]","[0, 0, 0, 0, 0, 5.29, 5.15]","[0, 0, 0, 0, 0, 0.265, 0.257]","[0.988, 0.473, 0.23, 0.13, 0.104, 0.987, 0.989]","[1, 3, 4, 5, 6, 2, 2]",yes,correct
136,137,21198823,"No, routine dobutamine stress echocardiography does not raise cardiac troponin levels.",no,187.842,43,41,"[137.456, 144.226, 146.531, 197.234, 199.539, 207.188, 219.787, 250.773]","[0.593, 0.57, 0.563, 0.396, 0.389, 0.364, 0.322, 0.22]",[0.915],"[['contradiction'], ['neutral'], ['neutral'], ['contradiction'], ['neutral'], ['contradiction'], ['neutral'], ['neutral']]",[['neutral']],Can dobutamine stress echocardiography induce cardiac troponin elevation?,68,"[150.035, 219.149, 239.14, 207.17, 218.146, 123.956, 225.109, 105.486]","[0.754, 0.613, 0.572, 0.637, 0.615, 0.807, 0.6, 0.845]","[0, 0, 0, 0, 0, 0, 0, 21.83]","[0, 0, 0, 0, 0, 0, 0, 1.092]","[0.965, 0.947, 0.748, 0.546, 0.419, 0.131, 0.114, 0.341]","[1, 2, 3, 4, 5, 7, 8, 6]",no,correct
137,138,24142776,"Yes, when betamethasone is combined with benzalkonium chloride in gentamicin ear drops, the cochlear toxicity is significantly reduced compared with gentamicin alone.",yes,165.722,50,33,"[119.594, 123.302, 160.5, 192.012, 198.258, 200.669]","[0.651, 0.639, 0.517, 0.413, 0.393, 0.385]","[1.978, 1.117]","[['contradiction'], ['neutral'], ['contradiction'], ['contradiction'], ['neutral'], ['neutral']]","[['neutral'], ['neutral']]",Steroids in aminoglycoside-containing ear drops: do they reduce cochlear toxicity?,70,"[177.93, 144.036, 210.456, 214.217, 202.542, 113.707]","[0.697, 0.766, 0.63, 0.623, 0.646, 0.828]","[0, 0, 0, 0, 20.73, 15.58]","[0, 0, 0, 0, 1.037, 0.779]","[0.721, 0.294, 0.185, 0.12, 0.235, 0.207]","[1, 2, 5, 6, 3, 4]",yes,correct
138,139,22117569,"Yes, the study found an advance care planning model is feasible for community palliative care services.",yes,116.832,66,16,"[83.124, 87.772, 91.012, 94.49, 104.285, 109.047, 121.927, 133.376, 134.83, 161.628, 163.664]","[0.771, 0.756, 0.745, 0.734, 0.702, 0.686, 0.644, 0.606, 0.601, 0.513, 0.507]","[1.285, 0.841, 0.841]","[['neutral'], ['neutral'], ['neutral'], ['neutral'], ['neutral'], ['neutral'], ['neutral'], ['contradiction'], ['neutral'], ['neutral'], ['neutral']]","[['neutral'], ['neutral'], ['neutral']]",Is an advance care planning model feasible in community palliative care?,75,"[140.247, 124.546, 147.649, 185.076, 120.039, 205.189, 148.126, 194.299, 100.454, 175.911, 126.551]","[0.774, 0.806, 0.759, 0.682, 0.815, 0.641, 0.758, 0.663, 0.855, 0.701, 0.802]","[0, 0, 0, 0, 0, 0, 0, 0, 18.82, 18.15, 18.01]","[0, 0, 0, 0, 0, 0, 0, 0, 0.941, 0.907, 0.9]","[0.997, 0.995, 0.991, 0.986, 0.978, 0.971, 0.966, 0.752, 0.997, 0.997, 0.978]","[2, 4, 5, 6, 7, 9, 10, 11, 1, 3, 8]",yes,correct
139,140,19142546,"No, quantitative left‑ventricular regional wall motion does not change after fibrous tissue resection in endomyocardial fibrosis.",no,105.452,70,2,"[62.695, 68.454, 72.139, 81.559, 82.447, 87.517, 118.403, 125.758, 128.214, 137.194, 140.809, 160.23]","[0.838, 0.819, 0.807, 0.776, 0.773, 0.757, 0.655, 0.631, 0.623, 0.594, 0.582, 0.518]","[1.109, 1.025, 0.979]","[['neutral'], ['contradiction'], ['neutral'], ['neutral'], ['neutral'], ['contradiction'], ['neutral'], ['entailment'], ['neutral'], ['neutral'], ['neutral'], ['neutral']]","[['neutral'], ['neutral'], ['neutral']]",Does quantitative left ventricular regional wall motion change after fibrous tissue resection in endomyocardial fibrosis?,87,"[65.119, 157.096, 147.836, 70.328, 59.525, 140.364, 137.595, 103.452, 106.163, 44.022, 40.354, 47.975]","[0.927, 0.739, 0.758, 0.917, 0.939, 0.774, 0.779, 0.849, 0.844, 0.971, 0.978, 0.962]","[0, 0, 0, 0, 0, 0, 0, 0, 0, 30.27, 32.16, 35.93]","[0, 0, 0, 0, 0, 0, 0, 0, 0, 1.513, 1.608, 1.796]","[0.993, 0.991, 0.99, 0.989, 0.988, 0.988, 0.983, 0.861, 0.577, 0.991, 0.981, 0.841]","[1, 3, 4, 5, 6, 7, 8, 10, 12, 2, 9, 11]",no,correct
140,141,27096199,"No, viral co‑infection does not significantly increase the severity of acute respiratory infection in children.",no,333.513,0,100,"[186.865, 206.948, 308.258, 308.899, 315.469, 355.538, 378.806, 460.786, 480.049]","[0.43, 0.364, 0.031, 0.029, 0.008, -0.124, -0.2, -0.47, -0.533]","[0.738, 0.67, 0.552]","[['contradiction'], ['neutral'], ['contradiction'], ['neutral'], ['neutral'], ['entailment'], ['neutral'], ['entailment'], ['neutral']]","[['contradiction'], ['neutral'], ['neutral']]",Does Viral Co-Infection Influence the Severity of Acute Respiratory Infection in Children?,35,"[405.719, 428.287, 419.651, 429.822, 382.974, 402.576, 265.565, 175.635, 233.09, 0, 0, 0]","[0.231, 0.185, 0.203, 0.182, 0.278, 0.238, 0.518, 0.701, 0.584, 0, 0, 0]","[0, 0, 0, 0, 0, 0, 0, 0, 0, 18.33, 18.85, 19.26]","[0, 0, 0, 0, 0, 0, 0, 0, 0, 0.917, 0.942, 0.963]","[0.997, 0.996, 0.995, 0.995, 0.989, 0.986, 0.959, 0.943, 0.676, 0.993, 0.975, 0.537]","[1, 2, 3, 4, 5, 6, 7, 8, 9, 1, 2, 3]",no,correct
141,142,10490564,"Yes, profound hypotensive events can precipitate myocardial ischemia by exceeding coronary autoregulatory capacity, leading to ischemic episodes.",yes,115.481,66,12,"[114.33, 116.633]","[0.669, 0.661]",[1.026],"[['neutral'], ['neutral']]",[['neutral']],Hypotension in patients with coronary disease: can profound hypotensive events cause myocardial ischaemic events?,79,"[141.595, 125.954, 0]","[0.771, 0.803, 0]","[0, 0, 27.41]","[0, 0, 1.37]","[0.52, 0.378, 0.184]","[1, 2, 1]",yes,correct
142,143,27050505,"Yes, the ACE‑1 DD genotype is linked to higher chronic kidney disease risk in hypertensive patients.",yes,132.341,61,14,"[83.136, 103.697, 121.18, 127.371, 128.399, 174.851, 187.754]","[0.771, 0.704, 0.646, 0.626, 0.622, 0.47, 0.427]","[0.91, 0.681]","[['neutral'], ['neutral'], ['neutral'], ['contradiction'], ['neutral'], ['neutral'], ['neutral']]","[['neutral'], ['neutral']]",Does angiotensin-converting enzyme-1 (ACE-1) gene polymorphism lead to chronic kidney disease among hypertensive patients?,82,"[124.938, 111.895, 147.604, 150.815, 134.039, 97.389, 40.279]","[0.805, 0.832, 0.759, 0.752, 0.787, 0.861, 0.978]","[0, 0, 0, 0, 0, 29.71, 25.24]","[0, 0, 0, 0, 0, 1.485, 1.262]","[0.994, 0.993, 0.979, 0.95, 0.576, 0.974, 0.935]","[1, 2, 3, 5, 7, 4, 6]",yes,correct
143,144,25155638,"Yes, routine offering of influenza vaccination in office‑based settings can cut racial and ethnic disparities in adult influenza vaccination by roughly half.",yes,127.325,63,17,"[77.157, 82.978, 97.328, 109.919, 114.021, 125.943, 129.038, 132.061, 143.566, 147.618, 158.53, 164.046, 173.023]","[0.791, 0.772, 0.725, 0.683, 0.67, 0.631, 0.62, 0.61, 0.573, 0.559, 0.523, 0.505, 0.476]","[2.325, 1.288, 1.226]","[['neutral'], ['neutral'], ['neutral'], ['neutral'], ['neutral'], ['neutral'], ['neutral'], ['neutral'], ['neutral'], ['neutral'], ['neutral'], ['contradiction'], ['neutral']]","[['contradiction'], ['neutral'], ['neutral']]",Can routine offering of influenza vaccination in office-based settings reduce racial and ethnic disparities in adult influenza vaccination?,77,"[118.2, 144.894, 167.204, 143.678, 161.524, 150.514, 177.347, 138.688, 124.752, 170.632, 170.633, 97.972, 93.841, 0]","[0.819, 0.764, 0.719, 0.767, 0.73, 0.753, 0.698, 0.777, 0.806, 0.712, 0.712, 0.86, 0.869, 0]","[0, 0, 0, 0, 0, 0, 0, 0, 0, 0, 0, 38.69, 36.69, 36.36]","[0, 0, 0, 0, 0, 0, 0, 0, 0, 0, 0, 1.935, 1.835, 1.818]","[0.997, 0.997, 0.996, 0.995, 0.994, 0.993, 0.992, 0.836, 0.823, 0.561, 0.505, 0.996, 0.994, 0.368]","[1, 2, 4, 5, 7, 8, 9, 10, 11, 12, 13, 3, 6, 3]",yes,correct
144,145,21080127,"Maybe, if the infection is non‑Staphylococcus aureus, symptom duration is short, and polyethylene exchange is performed; initial control is lower but final outcomes can match two‑stage revision.",maybe,190.662,42,46,"[122.945, 164.45, 175.095, 194.115, 195.679, 198.801, 213.663, 215.607, 235.607]","[0.64, 0.504, 0.469, 0.407, 0.401, 0.391, 0.342, 0.336, 0.27]","[1.605, 1.389]","[['neutral'], ['neutral'], ['entailment'], ['neutral'], ['neutral'], ['neutral'], ['neutral'], ['neutral'], ['neutral']]","[['neutral'], ['neutral']]",Can implant retention be recommended for treatment of infected TKA?,63,"[200.537, 190.732, 227.434, 218.377, 226.521, 229.463, 193.445, 182.256, 207.67]","[0.651, 0.671, 0.596, 0.614, 0.597, 0.591, 0.665, 0.688, 0.636]","[0, 0, 0, 0, 0, 0, 0, 11.51, 11.95]","[0, 0, 0, 0, 0, 0, 0, 0.575, 0.597]","[0.993, 0.989, 0.988, 0.986, 0.913, 0.458, 0.107, 0.998, 0.98]","[2, 3, 4, 5, 7, 8, 9, 1, 6]",maybe,correct
145,146,23283159,"Yes, obesity at the start of adolescence increases the risk of persistent wheezing.",yes,113.462,67,12,"[85.264, 86.981, 92.527, 108.882, 112.22, 121.372, 128.698, 141.443, 143.772]","[0.764, 0.759, 0.74, 0.687, 0.676, 0.646, 0.621, 0.58, 0.572]","[0.926, 0.51]","[['neutral'], ['neutral'], ['neutral'], ['neutral'], ['neutral'], ['neutral'], ['neutral'], ['contradiction'], ['contradiction']]","[['contradiction'], ['neutral']]",Is obesity a risk factor for wheezing among adolescents?,78,"[160.581, 149.147, 158.46, 128.388, 142.813, 130.095, 116.1, 157.492, 112.791, 0]","[0.732, 0.756, 0.737, 0.798, 0.769, 0.795, 0.823, 0.739, 0.83, 0]","[0, 0, 0, 0, 0, 0, 0, 0, 12.41, 11.58]","[0, 0, 0, 0, 0, 0, 0, 0, 0.621, 0.579]","[0.976, 0.951, 0.946, 0.944, 0.915, 0.568, 0.46, 0.186, 0.992, 0.284]","[2, 3, 4, 5, 6, 7, 8, 9, 1, 2]",yes,correct
146,147,24191126,"Yes, CA72‑4 is useful; it is markedly elevated in epithelial ovarian cancer (≈71 %) but rarely in endometrioma (≈14 %), providing a significant discriminative value.",yes,166.548,50,32,"[115.831, 127.626, 146.201, 147.705, 167.367, 174.901, 191.073, 195.461, 232.763]","[0.664, 0.625, 0.564, 0.559, 0.494, 0.47, 0.416, 0.402, 0.28]","[0.857, 0.669, 0.664]","[['neutral'], ['neutral'], ['contradiction'], ['neutral'], ['neutral'], ['neutral'], ['neutral'], ['contradiction'], ['neutral']]","[['contradiction'], ['neutral'], ['entailment']]",Is CA72-4 a useful biomarker in differential diagnosis between ovarian endometrioma and epithelial ovarian cancer?,71,"[204.759, 209.921, 142.377, 120.936, 206.502, 192.573, 217.571, 133.766, 112.046, 0]","[0.642, 0.631, 0.769, 0.813, 0.638, 0.667, 0.616, 0.787, 0.831, 0]","[0, 0, 0, 0, 0, 0, 0, 21.41, 24.23, 20.98]","[0, 0, 0, 0, 0, 0, 0, 1.071, 1.212, 1.049]","[0.982, 0.977, 0.976, 0.971, 0.969, 0.932, 0.658, 0.994, 0.992, 0.984]","[3, 4, 5, 6, 7, 8, 9, 1, 2, 3]",yes,correct
147,148,12769830,"No, depth is not a major prognostic factor; only when size is >5 cm does it add limited information, so staging should rely on grade and size.",no,160.239,52,24,"[123.849, 124.51, 142.5, 154.717, 165.819, 170.21, 180.576, 188.476, 191.497]","[0.637, 0.635, 0.576, 0.536, 0.499, 0.485, 0.451, 0.425, 0.415]","[1.476, 0.89]","[['neutral'], ['neutral'], ['neutral'], ['neutral'], ['contradiction'], ['neutral'], ['neutral'], ['neutral'], ['neutral']]","[['neutral'], ['neutral']]",Should tumor depth be included in prognostication of soft tissue sarcoma?,79,"[132.193, 117.77, 110.708, 125.44, 187.715, 180.766, 171.948, 89.542, 95.026]","[0.79, 0.82, 0.834, 0.804, 0.677, 0.691, 0.709, 0.877, 0.866]","[0, 0, 0, 0, 0, 0, 0, 17.85, 19.81]","[0, 0, 0, 0, 0, 0, 0, 0.893, 0.991]","[0.991, 0.99, 0.986, 0.982, 0.981, 0.973, 0.957, 0.991, 0.915]","[2, 3, 4, 5, 6, 7, 8, 1, 9]",no,correct
148,149,28056802,"Yes, non‑HDL‑C predicts long‑term MACEs better than LDL‑C in post‑AMI patients.",yes,254.334,21,54,"[207.557, 216.399, 230.229, 235.231, 264.035, 266.552, 277.766, 336.899]","[0.362, 0.333, 0.288, 0.271, 0.177, 0.168, 0.132, -0.063]",[1.938],"[['neutral'], ['neutral'], ['neutral'], ['neutral'], ['neutral'], ['contradiction'], ['neutral'], ['neutral']]",[['neutral']],Is non-HDL-cholesterol a better predictor of long-term outcome in patients after acute myocardial infarction compared to LDL-cholesterol?,74,"[155.379, 199.312, 165.556, 176.559, 158.914, 199.725, 167.206, 46.845]","[0.743, 0.653, 0.722, 0.7, 0.736, 0.652, 0.719, 0.965]","[0, 0, 0, 0, 0, 0, 0, 33.25]","[0, 0, 0, 0, 0, 0, 0, 1.663]","[0.984, 0.959, 0.954, 0.942, 0.583, 0.172, 0.169, 0.986]","[2, 3, 4, 5, 6, 7, 8, 1]",yes,correct
149,150,24922528,"No, family factors did not moderate the association of pubertal stage with alcohol use in 10‑14‑year‑olds.",no,128.22,62,15,"[90.572, 96.829, 109.077, 111.576, 112.923, 115.234, 129.008, 148.918, 157.441, 168.772, 170.068]","[0.747, 0.726, 0.686, 0.678, 0.673, 0.666, 0.62, 0.555, 0.527, 0.49, 0.486]","[3.454, 0.443, 0.429]","[['neutral'], ['neutral'], ['neutral'], ['neutral'], ['contradiction'], ['neutral'], ['neutral'], ['contradiction'], ['neutral'], ['neutral'], ['neutral']]","[['neutral'], ['neutral'], ['neutral']]",The association of puberty and young adolescent alcohol use: do parents have a moderating role?,80,"[95.092, 142.423, 114.14, 120.571, 154.264, 151.617, 161.63, 159.096, 105.671, 90.166, 92.107]","[0.866, 0.769, 0.827, 0.814, 0.745, 0.751, 0.73, 0.735, 0.845, 0.876, 0.872]","[0, 0, 0, 0, 0, 0, 0, 0, 16.15, 18.12, 16.47]","[0, 0, 0, 0, 0, 0, 0, 0, 0.808, 0.906, 0.823]","[0.997, 0.995, 0.994, 0.992, 0.942, 0.371, 0.333, 0.307, 0.995, 0.991, 0.942]","[1, 3, 4, 5, 8, 9, 10, 11, 2, 6, 7]",no,correct
150,151,24267613,"No, advanced age is not a contraindication; laparoscopic fundoplication shows similar safety, low morbidity, and comparable symptom improvement in elderly patients as in younger ones.",no,147.257,56,32,"[74.185, 91.392, 133.822, 137.971, 166.967, 169.193, 174.84, 229.688]","[0.801, 0.744, 0.605, 0.591, 0.496, 0.488, 0.47, 0.29]","[1.776, 0.293]","[['neutral'], ['entailment'], ['neutral'], ['neutral'], ['neutral'], ['neutral'], ['neutral'], ['neutral']]","[['neutral'], ['neutral']]",Is the advanced age a contraindication to GERD laparoscopic surgery?,65,"[167.267, 177.16, 225.919, 237.186, 277.465, 261.14, 84.809, 170.188]","[0.719, 0.698, 0.599, 0.576, 0.493, 0.527, 0.887, 0.713]","[0, 0, 0, 0, 0, 0, 11.5, 9.01]","[0, 0, 0, 0, 0, 0, 0.575, 0.45]","[0.998, 0.998, 0.994, 0.994, 0.951, 0.412, 0.987, 0.956]","[1, 2, 3, 4, 7, 8, 5, 6]",no,correct
151,152,15388567,"No, most studies in sports‑medicine journals focus on healthy, often sedentary subjects and sports science, with few addressing diagnostic or treatment interventions for injured athletes, limiting their direct relevance to practitioners and athletes.",no,140.607,58,33,"[99.987, 106.529, 110.079, 119.356, 134.124, 140.007, 143.856, 146.452, 154.406, 161.994, 229.889]","[0.716, 0.694, 0.683, 0.652, 0.604, 0.584, 0.572, 0.563, 0.537, 0.512, 0.289]","[2.881, 2.746, 1.416]","[['neutral'], ['neutral'], ['entailment'], ['neutral'], ['entailment'], ['contradiction'], ['neutral'], ['contradiction'], ['neutral'], ['neutral'], ['neutral']]","[['neutral'], ['neutral'], ['neutral']]",Are sports medicine journals relevant and applicable to practitioners and athletes?,63,"[200.907, 159.198, 197.75, 395.148, 301.158, 214.063, 166.298, 233.786, 190.386, 180.176, 69.314]","[0.65, 0.735, 0.656, 0.253, 0.445, 0.623, 0.721, 0.583, 0.671, 0.692, 0.919]","[0, 0, 0, 0, 0, 0, 0, 0, 11.12, 13.04, 16.36]","[0, 0, 0, 0, 0, 0, 0, 0, 0.556, 0.652, 0.818]","[0.994, 0.993, 0.991, 0.988, 0.987, 0.965, 0.952, 0.453, 0.988, 0.982, 0.981]","[1, 2, 3, 5, 6, 9, 10, 11, 4, 7, 8]",no,correct
152,153,19419587,"Yes, transverse sternal plating significantly increases intrathoracic pressure needed for 2 mm separation, improving stability in both primary and secondary closures, especially in high‑risk patients.",yes,125.385,63,15,"[105.905, 127.273, 142.978]","[0.696, 0.626, 0.575]",[1.559],"[['neutral'], ['neutral'], ['neutral']]",[['neutral']],Sternal plating for primary and secondary sternal closure; can it improve sternal stability?,79,"[80.511, 172.083, 140.964]","[0.896, 0.709, 0.772]","[0, 0, 26.62]","[0, 0, 1.331]","[0.96, 0.945, 0.988]","[2, 3, 1]",yes,correct
153,154,18799291,"Yes, HINT1 is a plausible candidate for schizophrenia. Multiple association studies in Irish families and case‑control samples show nominal significance, especially in a sex‑specific manner. Expression analyses reveal altered HINT1 levels in post‑mortem brains and interactions with diagnosis and genotype. Functional data link HINT1 to dopamine signaling and transcriptional regulation, pathways implicated in schizophrenia pathophysiology.",yes,149.315,55,27,"[96.239, 96.257, 107.89, 121.226, 138.628, 172.66, 175.0, 180.662, 195.994, 208.599]","[0.728, 0.728, 0.69, 0.646, 0.589, 0.477, 0.469, 0.451, 0.4, 0.359]","[5.373, 3.357, 2.256]","[['neutral'], ['neutral'], ['neutral'], ['neutral'], ['neutral'], ['neutral'], ['neutral'], ['neutral'], ['neutral'], ['neutral']]","[['neutral'], ['neutral'], ['neutral']]",Is the histidine triad nucleotide-binding protein 1 (HINT1) gene a candidate for schizophrenia?,72,"[141.432, 144.582, 172.694, 192.492, 211.339, 194.675, 207.628, 194.023, 105.428, 96.619, 0]","[0.771, 0.765, 0.708, 0.667, 0.628, 0.663, 0.636, 0.664, 0.845, 0.863, 0]","[0, 0, 0, 0, 0, 0, 0, 0, 30.28, 26.15, 22.21]","[0, 0, 0, 0, 0, 0, 0, 0, 1.514, 1.308, 1.111]","[0.993, 0.992, 0.953, 0.909, 0.857, 0.622, 0.481, 0.308, 0.643, 0.102, 0.223]","[1, 2, 3, 4, 5, 7, 8, 9, 6, 10, 3]",no,incorrect
154,155,19615731,"No, higher BMI was not associated with worse asthma control in this urban cohort.",no,188.184,43,34,"[136.696, 179.689, 189.11, 199.854, 207.193, 216.561]","[0.595, 0.454, 0.423, 0.388, 0.364, 0.333]","[0.77, 0.738]","[['neutral'], ['neutral'], ['contradiction'], ['neutral'], ['neutral'], ['contradiction']]","[['neutral'], ['contradiction']]",Does higher body mass index contribute to worse asthma control in an urban population?,76,"[170.824, 157.255, 174.614, 174.533, 146.404, 60.389]","[0.711, 0.739, 0.704, 0.704, 0.761, 0.937]","[0, 0, 0, 0, 16.06, 21.14]","[0, 0, 0, 0, 0.803, 1.057]","[0.977, 0.793, 0.363, 0.268, 0.995, 0.991]","[3, 4, 5, 6, 1, 2]",no,correct
155,156,18537964,"Yes, physicians’ specialties significantly affect how often and how thoroughly they record medication histories, with certain specialties documenting more depth and frequency relevant to their diagnostic needs.",yes,153.272,54,29,"[106.541, 122.551, 131.946, 132.815, 152.243, 155.676, 158.519, 181.186, 192.239, 199.0]","[0.694, 0.642, 0.611, 0.608, 0.544, 0.533, 0.523, 0.449, 0.413, 0.39]","[1.788, 1.123, 0.642]","[['neutral'], ['neutral'], ['neutral'], ['neutral'], ['neutral'], ['neutral'], ['neutral'], ['neutral'], ['neutral'], ['neutral']]","[['neutral'], ['neutral'], ['neutral']]",Does a physician's specialty influence the recording of medication history in patients' case notes?,71,"[154.194, 182.026, 169.452, 188.986, 204.225, 163.752, 146.426, 179.324, 175.821, 141.023, 0]","[0.745, 0.688, 0.714, 0.674, 0.643, 0.726, 0.761, 0.694, 0.701, 0.772, 0]","[0, 0, 0, 0, 0, 0, 0, 0, 12.37, 14.57, 12.91]","[0, 0, 0, 0, 0, 0, 0, 0, 0.618, 0.729, 0.646]","[0.997, 0.996, 0.995, 0.994, 0.984, 0.983, 0.954, 0.813, 0.99, 0.586, 0.879]","[1, 2, 3, 4, 6, 7, 8, 9, 5, 10, 2]",yes,correct
156,157,25747932,"Yes, early‑life urban exposure and cumulative urban years both independently raise behavioral and physiological NCD risk factors, though not all biological markers show the same pattern.",yes,140.39,58,32,"[77.874, 110.284, 118.064, 156.794, 162.182, 162.654, 165.815, 169.457]","[0.788, 0.682, 0.656, 0.529, 0.511, 0.51, 0.499, 0.488]","[4.145, 1.723, 0.319]","[['neutral'], ['neutral'], ['neutral'], ['neutral'], ['neutral'], ['neutral'], ['neutral'], ['neutral']]","[['neutral'], ['neutral'], ['neutral']]",Living in an urban environment and non-communicable disease risk in Thailand: Does timing matter?,64,"[220.537, 244.64, 225.289, 237.465, 246.287, 134.606, 82.152, 244.236]","[0.61, 0.56, 0.6, 0.575, 0.557, 0.785, 0.893, 0.561]","[0, 0, 0, 0, 0, 17.37, 19.43, 9.95]","[0, 0, 0, 0, 0, 0.868, 0.971, 0.498]","[0.991, 0.986, 0.957, 0.197, 0.179, 0.839, 0.214, 0.11]","[1, 2, 3, 6, 7, 4, 5, 8]",yes,correct
157,158,25885219,"Yes, the observed shifts—lower plasma creatine, reduced urinary excretion, increased renal AGAT, altered hepatic GAMT, higher heart and kidney creatine, and tissue‑specific CrT1 changes—indicate a maternal metabolic adaptation to supply creatine for fetal growth and maternal tissue demands during gestation.",yes,132.494,61,8,"[105.786, 127.032, 130.329, 130.724, 144.734, 156.361]","[0.697, 0.627, 0.616, 0.615, 0.569, 0.531]","[3.415, 3.401, 2.883]","[['neutral'], ['neutral'], ['neutral'], ['neutral'], ['neutral'], ['neutral']]","[['neutral'], ['neutral'], ['neutral']]",Maternal creatine homeostasis is altered during gestation in the spiny mouse: is this a metabolic adaptation to pregnancy?,89,"[85.034, 116.974, 92.351, 36.645, 99.34, 83.664]","[0.887, 0.821, 0.872, 0.986, 0.857, 0.89]","[0, 0, 0, 32.61, 22.52, 21.61]","[0, 0, 0, 1.63, 1.126, 1.08]","[0.986, 0.836, 0.793, 0.867, 0.794, 0.368]","[1, 3, 5, 2, 4, 6]",yes,correct
158,159,26348845,"Yes, rapid prescreening (RPS) flags many glandular cell abnormalities (AGC) on Pap smears, achieving about 36 % sensitivity at the AGC threshold and catching some AGC cases that full screening misses.",yes,157.585,53,30,"[115.167, 139.572, 147.08, 168.809, 168.887, 171.131, 174.623, 175.414]","[0.666, 0.586, 0.561, 0.49, 0.489, 0.482, 0.471, 0.468]","[4.398, 1.076]","[['neutral'], ['neutral'], ['neutral'], ['neutral'], ['neutral'], ['neutral'], ['neutral'], ['neutral']]","[['neutral'], ['neutral']]",Pap smears with glandular cell abnormalities: Are they detected by rapid prescreening?,71,"[191.734, 191.926, 160.851, 162.319, 179.493, 196.551, 150.323, 151.742]","[0.669, 0.668, 0.732, 0.729, 0.694, 0.659, 0.753, 0.75]","[0, 0, 0, 0, 0, 0, 19.95, 17.74]","[0, 0, 0, 0, 0, 0, 0.997, 0.887]","[0.966, 0.946, 0.674, 0.258, 0.171, 0.117, 0.993, 0.99]","[3, 4, 5, 6, 7, 8, 1, 2]",yes,correct
159,160,24487044,"Maybe, only for the high‑risk obese‑with‑knee‑injury group when efficacy ≥70 %, annual cost ≤$300, toxicity negligible, and initiation at a young age; otherwise the regimen is not cost‑effective.",maybe,237.773,26,48,"[161.868, 181.395, 232.378, 233.636, 244.077, 264.837, 272.519, 311.472]","[0.512, 0.448, 0.281, 0.277, 0.242, 0.174, 0.149, 0.021]","[4.099, 0.821, 0.36]","[['neutral'], ['neutral'], ['contradiction'], ['neutral'], ['neutral'], ['neutral'], ['neutral'], ['neutral']]","[['neutral'], ['neutral'], ['neutral']]",Pharmacologic regimens for knee osteoarthritis prevention: can they be cost-effective?,76,"[162.477, 171.165, 160.382, 117.305, 157.373, 172.348, 93.044, 146.645, 0]","[0.728, 0.711, 0.733, 0.821, 0.739, 0.708, 0.87, 0.761, 0]","[0, 0, 0, 0, 0, 0, 15.09, 13.97, 16.11]","[0, 0, 0, 0, 0, 0, 0.754, 0.698, 0.806]","[0.987, 0.975, 0.915, 0.519, 0.305, 0.111, 0.986, 0.985, 0.987]","[1, 4, 5, 6, 7, 8, 2, 3, 2]",yes,incorrect
160,161,12377809,"Yes, linear anorectal endosonography is valuable in dyschesia, providing clear visualization of the anal sphincter and puborectalis, allowing accurate measurement of length and thickness at rest and during straining, and detecting paradoxical contraction or absent relaxation that characterizes pelvic‑floor dyssynergia.",yes,98.608,72,8,"[41.654, 65.783, 80.478, 88.381, 94.466, 114.086, 114.284, 119.448, 133.014, 134.482]","[0.907, 0.828, 0.78, 0.754, 0.734, 0.669, 0.669, 0.652, 0.607, 0.602]","[2.576, 2.098, 0.28]","[['neutral'], ['neutral'], ['neutral'], ['contradiction'], ['neutral'], ['neutral'], ['neutral'], ['neutral'], ['neutral'], ['neutral']]","[['neutral'], ['neutral'], ['neutral']]",Is anorectal endosonography valuable in dyschesia?,78,"[104.979, 157.673, 194.27, 149.15, 196.862, 153.921, 172.378, 61.215, 125.875, 79.682]","[0.846, 0.738, 0.663, 0.756, 0.658, 0.746, 0.708, 0.935, 0.803, 0.898]","[0, 0, 0, 0, 0, 0, 0, 14.21, 13.43, 15.4]","[0, 0, 0, 0, 0, 0, 0, 0.711, 0.671, 0.77]","[0.995, 0.993, 0.993, 0.987, 0.984, 0.852, 0.789, 0.996, 0.995, 0.993]","[2, 5, 6, 7, 8, 9, 10, 1, 3, 4]",yes,correct
161,162,16195477,"Yes, perivascular adipose tissue secretes MCP‑1 and IL‑8 at levels comparable to subcutaneous fat, attracts macrophages and T cells to the vessel wall, and expands with high‑fat diet, thereby fostering local inflammation and atherogenesis.",yes,150.875,55,25,"[119.179, 164.406, 169.039]","[0.653, 0.504, 0.489]","[1.403, 1.046]","[['neutral'], ['neutral'], ['neutral']]","[['neutral'], ['neutral']]",Production of chemokines by perivascular adipose tissue: a role in the pathogenesis of atherosclerosis?,75,"[182.837, 155.674, 116.707, 0]","[0.687, 0.742, 0.822, 0]","[0, 0, 15.47, 14.11]","[0, 0, 0.773, 0.705]","[0.955, 0.108, 0.708, 0.103]","[1, 3, 2, 2]",yes,correct
162,163,16678696,"No, continuity of care was poor: only 57% in‑hospital and 3% postdischarge, indicating trainees are not learning complete surgical care.",no,186.753,43,38,"[122.105, 171.535, 186.561, 190.792, 194.885, 211.453, 229.941]","[0.643, 0.481, 0.431, 0.417, 0.404, 0.35, 0.289]",[],"[['neutral'], ['neutral'], ['neutral'], ['neutral'], ['neutral'], ['neutral'], ['neutral']]",[],Continuity of care experience of residents in an academic vascular department: are trainees learning complete surgical care?,71,"[174.874, 161.054, 163.447, 179.777, 151.753, 176.044, 181.038]","[0.703, 0.731, 0.726, 0.693, 0.75, 0.701, 0.69]","[0, 0, 0, 0, 0, 0, 0]","[0, 0, 0, 0, 0, 0, 0]","[0.99, 0.919, 0.846, 0.771, 0.686, 0.312, 0.16]","[1, 2, 3, 4, 5, 6, 7]",no,correct
163,164,18801797,"No, household and food‑shopping environments have only a limited effect on overall fruit and vegetable consumption and do not explain socioeconomic inequalities in intake.",no,127.806,62,12,"[100.767, 110.761, 114.615, 116.008, 116.848, 135.058, 140.024, 152.942, 163.227]","[0.713, 0.68, 0.668, 0.663, 0.66, 0.601, 0.584, 0.542, 0.508]","[2.356, 1.404, 1.317]","[['neutral'], ['neutral'], ['neutral'], ['contradiction'], ['neutral'], ['neutral'], ['neutral'], ['neutral'], ['neutral']]","[['neutral'], ['neutral'], ['neutral']]",Household and food shopping environments: do they play a role in socioeconomic inequalities in fruit and vegetable consumption?,83,"[119.065, 138.484, 117.87, 132.644, 137.583, 76.93, 120.488, 101.307, 82.691]","[0.817, 0.777, 0.82, 0.789, 0.779, 0.903, 0.814, 0.853, 0.892]","[0, 0, 0, 0, 0, 0, 30.85, 29.93, 27.17]","[0, 0, 0, 0, 0, 0, 1.543, 1.497, 1.358]","[0.996, 0.996, 0.974, 0.969, 0.936, 0.153, 0.996, 0.981, 0.902]","[1, 3, 5, 6, 7, 9, 2, 4, 8]",no,correct
164,165,12153648,"No, birth‑center care during a first pregnancy did not affect whether or when women had a second child.",no,200.402,39,43,"[140.798, 179.647, 187.414, 190.861, 197.88, 203.243, 204.67, 209.132, 219.627, 219.652, 224.113, 227.787]","[0.582, 0.454, 0.429, 0.417, 0.394, 0.377, 0.372, 0.357, 0.323, 0.323, 0.308, 0.296]","[1.942, 0.986, 0.917]","[['neutral'], ['neutral'], ['neutral'], ['neutral'], ['neutral'], ['neutral'], ['neutral'], ['neutral'], ['neutral'], ['neutral'], ['neutral'], ['neutral']]","[['neutral'], ['neutral'], ['neutral']]",Does birth center care during a woman's first pregnancy have any impact on her future reproduction?,69,"[189.086, 204.309, 185.63, 212.993, 178.738, 166.212, 202.979, 190.233, 181.635, 142.131, 157.598, 166.26]","[0.674, 0.643, 0.681, 0.625, 0.695, 0.721, 0.646, 0.672, 0.689, 0.77, 0.738, 0.721]","[0, 0, 0, 0, 0, 0, 0, 0, 0, 16.16, 18.18, 24.59]","[0, 0, 0, 0, 0, 0, 0, 0, 0, 0.808, 0.909, 1.229]","[0.994, 0.994, 0.989, 0.987, 0.968, 0.955, 0.721, 0.555, 0.303, 0.996, 0.996, 0.933]","[3, 4, 5, 6, 7, 8, 10, 11, 12, 1, 2, 9]",no,correct
165,166,17565137,"Yes, the counter‑industry ad changed non‑smokers’ view of movie smoking and lowered their future smoking intent, but it had no effect on smokers’ attitudes and actually increased the proportion of smokers who felt unlikely to quit.",yes,149.132,55,18,"[104.473, 123.427, 142.05, 143.691, 146.221, 153.378, 158.753, 166.355, 168.712, 184.263]","[0.701, 0.639, 0.578, 0.572, 0.564, 0.54, 0.523, 0.498, 0.49, 0.439]","[2.438, 0.729]","[['neutral'], ['neutral'], ['neutral'], ['neutral'], ['neutral'], ['neutral'], ['neutral'], ['neutral'], ['neutral'], ['neutral']]","[['neutral'], ['neutral']]",Out of the smokescreen II: will an advertisement targeting the tobacco industry affect young people's perception of smoking in movies and their intention to smoke?,84,"[111.364, 106.261, 134.05, 122.419, 112.314, 119.843, 105.41, 110.416, 97.896, 59.611]","[0.833, 0.843, 0.787, 0.81, 0.831, 0.816, 0.845, 0.835, 0.86, 0.939]","[0, 0, 0, 0, 0, 0, 0, 0, 26.48, 35.58]","[0, 0, 0, 0, 0, 0, 0, 0, 1.324, 1.779]","[0.928, 0.885, 0.884, 0.868, 0.796, 0.473, 0.318, 0.209, 0.972, 0.17]","[2, 3, 4, 5, 6, 7, 8, 9, 1, 10]",yes,correct
166,167,26460153,"Yes, survivors of cardiac reoperations in octogenarians achieve good functional status and quality of life comparable to age‑matched norms, but the procedure carries a high perioperative mortality rate, so benefit is limited to those who survive the operation.",yes,96.43,73,20,"[63.219, 78.455, 81.325, 83.807, 84.399, 89.816, 100.883, 110.302, 114.489, 115.607, 116.059, 118.799]","[0.837, 0.787, 0.777, 0.769, 0.767, 0.749, 0.713, 0.682, 0.668, 0.664, 0.663, 0.654]","[1.893, 1.797]","[['neutral'], ['neutral'], ['neutral'], ['neutral'], ['neutral'], ['neutral'], ['neutral'], ['neutral'], ['neutral'], ['neutral'], ['contradiction'], ['neutral']]","[['contradiction'], ['neutral']]",Cardiac reoperations in octogenarians: Do they really benefit?,63,"[205.402, 235.177, 224.904, 194.751, 219.713, 263.529, 195.116, 247.989, 189.553, 221.625, 194.103, 137.792]","[0.641, 0.58, 0.601, 0.662, 0.611, 0.522, 0.662, 0.554, 0.673, 0.607, 0.664, 0.779]","[0, 0, 0, 0, 0, 0, 0, 0, 0, 0, 9.57, 13.95]","[0, 0, 0, 0, 0, 0, 0, 0, 0, 0, 0.479, 0.698]","[0.98, 0.94, 0.924, 0.903, 0.876, 0.715, 0.622, 0.579, 0.406, 0.191, 0.976, 0.941]","[1, 4, 5, 6, 7, 8, 9, 10, 11, 12, 2, 3]",yes,correct
167,168,8199520,"No, caregivers report dissatisfaction, low support, and physicians often avoid meaningful contact.",no,243.361,24,67,"[185.731, 210.982, 230.44, 235.637, 239.726, 251.821, 252.766, 268.055, 275.454, 282.995]","[0.434, 0.351, 0.287, 0.27, 0.257, 0.217, 0.214, 0.164, 0.139, 0.114]","[0.356, 0.072]","[['neutral'], ['neutral'], ['entailment'], ['neutral'], ['neutral'], ['neutral'], ['neutral'], ['neutral'], ['neutral'], ['neutral']]","[['neutral'], ['neutral']]",Are physicians meeting the needs of family caregivers of the frail elderly?,56,"[242.857, 213.152, 271.796, 270.726, 280.176, 250.327, 198.955, 259.447, 222.091, 260.758]","[0.564, 0.625, 0.505, 0.507, 0.488, 0.549, 0.654, 0.53, 0.607, 0.527]","[0, 0, 0, 0, 0, 0, 0, 0, 5.5, 5.68]","[0, 0, 0, 0, 0, 0, 0, 0, 0.275, 0.284]","[0.994, 0.992, 0.992, 0.986, 0.937, 0.797, 0.775, 0.652, 0.903, 0.594]","[1, 2, 3, 4, 5, 7, 8, 9, 6, 10]",no,correct
168,169,20130378,"No, low birth weight is not a reliable risk indicator for congenital CMV infection.",no,217.168,33,57,"[146.126, 164.093, 190.63, 207.339, 230.63, 258.974, 322.384]","[0.564, 0.505, 0.418, 0.363, 0.287, 0.193, -0.015]",[1.312],"[['neutral'], ['entailment'], ['contradiction'], ['neutral'], ['neutral'], ['neutral'], ['neutral']]",[['neutral']],Is low birth weight a risk indicator for congenital cytomegalovirus infection?,59,"[250.696, 229.879, 266.557, 193.62, 301.193, 206.878, 175.01]","[0.548, 0.591, 0.516, 0.665, 0.445, 0.638, 0.703]","[0, 0, 0, 0, 0, 0, 12.44]","[0, 0, 0, 0, 0, 0, 0.622]","[0.96, 0.762, 0.752, 0.604, 0.332, 0.255, 0.953]","[1, 3, 4, 5, 6, 7, 2]",no,correct
169,170,8017535,"Yes, the 1990 Youth Risk Behavior Survey shows that as substance use escalates from alcohol/cigarettes to marijuana, cocaine, or other illicit drugs, the likelihood of ever having had sexual intercourse, having four or more partners, and not using a condom at last intercourse increases, indicating a strong association between substance use and HIV‑related sexual risk behaviors.",yes,190.593,42,52,"[130.646, 169.125, 169.929, 179.164, 179.364, 187.343, 189.079, 205.28, 207.358, 229.318, 249.922]","[0.615, 0.489, 0.486, 0.456, 0.455, 0.429, 0.423, 0.37, 0.363, 0.291, 0.223]","[4.354, 1.011, 0.165]","[['neutral'], ['contradiction'], ['entailment'], ['neutral'], ['neutral'], ['contradiction'], ['neutral'], ['neutral'], ['neutral'], ['neutral'], ['entailment']]","[['neutral'], ['entailment'], ['neutral']]",Substance use and HIV-related sexual behaviors among US high school students: are they related?,56,"[226.84, 250.532, 242.593, 259.869, 276.435, 223.418, 262.697, 196.619, 239.319, 261.621, 227.792, 0]","[0.597, 0.548, 0.565, 0.529, 0.495, 0.604, 0.524, 0.659, 0.571, 0.526, 0.595, 0]","[0, 0, 0, 0, 0, 0, 0, 0, 0, 4.0, 4.4, 3.29]","[0, 0, 0, 0, 0, 0, 0, 0, 0, 0.2, 0.22, 0.164]","[0.995, 0.995, 0.991, 0.961, 0.879, 0.594, 0.501, 0.484, 0.151, 0.994, 0.703, 0.99]","[1, 2, 4, 5, 6, 8, 9, 10, 11, 3, 7, 2]",yes,correct
170,171,24172579,"Yes, sex influences the response to intravenous thrombolysis in ischemic stroke: men show higher mortality and symptomatic intracerebral haemorrhage rates, while functional independence at 3 months is similar between sexes.",yes,116.626,66,17,"[67.895, 72.737, 83.867, 101.601, 109.79, 112.306, 112.616, 125.79, 127.54, 132.363, 139.194, 140.072, 151.323, 155.674]","[0.821, 0.805, 0.769, 0.71, 0.684, 0.675, 0.674, 0.631, 0.625, 0.609, 0.587, 0.584, 0.547, 0.533]","[3.29, 0.867, 0.686]","[['neutral'], ['neutral'], ['neutral'], ['neutral'], ['neutral'], ['neutral'], ['neutral'], ['neutral'], ['contradiction'], ['neutral'], ['neutral'], ['neutral'], ['neutral'], ['neutral']]","[['neutral'], ['neutral'], ['neutral']]",Does sex influence the response to intravenous thrombolysis in ischemic stroke?,74,"[159.261, 137.615, 187.566, 157.299, 148.199, 149.501, 101.446, 193.823, 199.335, 141.134, 191.595, 177.749, 125.246, 140.961, 0]","[0.735, 0.779, 0.677, 0.739, 0.758, 0.755, 0.853, 0.664, 0.653, 0.772, 0.669, 0.697, 0.805, 0.772, 0]","[0, 0, 0, 0, 0, 0, 0, 0, 0, 0, 0, 0, 18.08, 15.35, 15.43]","[0, 0, 0, 0, 0, 0, 0, 0, 0, 0, 0, 0, 0.904, 0.768, 0.771]","[0.995, 0.994, 0.989, 0.988, 0.968, 0.966, 0.963, 0.952, 0.887, 0.53, 0.389, 0.348, 0.994, 0.992, 0.991]","[1, 3, 5, 6, 7, 8, 9, 10, 11, 12, 13, 14, 2, 4, 1]",yes,correct
171,172,26285789,"No, systematic genotyping does not currently provide useful information for routine management of radioiodine‑refractory thyroid cancers.",no,231.697,28,95,"[194.213, 201.092, 211.652, 258.604, 292.926]","[0.406, 0.384, 0.349, 0.195, 0.082]","[2.597, 1.592, 0.805]","[['neutral'], ['contradiction'], ['neutral'], ['contradiction'], ['neutral']]","[['neutral'], ['neutral'], ['neutral']]",Does Molecular Genotype Provide Useful Information in the Management of Radioiodine Refractory Thyroid Cancers?,18,"[421.617, 430.275, 422.653, 439.483, 432.762, 0, 0, 0]","[0.199, 0.181, 0.196, 0.162, 0.176, 0, 0, 0]","[0, 0, 0, 0, 0, 12.03, 15.06, 20.98]","[0, 0, 0, 0, 0, 0.601, 0.753, 1.049]","[0.976, 0.961, 0.96, 0.92, 0.176, 0.991, 0.934, 0.612]","[1, 2, 3, 4, 5, 1, 2, 3]",yes,incorrect
172,173,22266735,"Yes, the IADPSG criteria are cost‑effective, producing an ICER of about $20,336 per QALY gained, provided post‑delivery counseling and lifestyle interventions reduce future diabetes risk.",yes,188.537,42,39,"[151.064, 155.143, 175.539, 197.233, 203.833, 248.407]","[0.548, 0.535, 0.468, 0.396, 0.375, 0.228]",[0.949],"[['neutral'], ['neutral'], ['neutral'], ['neutral'], ['neutral'], ['neutral']]",[['neutral']],Screening for gestational diabetes mellitus: are the criteria proposed by the international association of the Diabetes and Pregnancy Study Groups cost-effective?,71,"[193.242, 185.253, 188.235, 196.096, 165.04, 100.18]","[0.665, 0.682, 0.676, 0.66, 0.723, 0.856]","[0, 0, 0, 0, 0, 27.36]","[0, 0, 0, 0, 0, 1.368]","[0.971, 0.79, 0.583, 0.46, 0.426, 0.959]","[1, 3, 4, 5, 6, 2]",yes,correct
173,174,15052394,"No, higher rates of depression in women are not explained by differential symptom reporting.",no,114.645,67,11,"[75.091, 75.291, 107.677, 114.142, 129.489, 148.675, 152.149]","[0.798, 0.797, 0.691, 0.669, 0.619, 0.556, 0.544]","[1.376, 0.714, 0.464]","[['neutral'], ['neutral'], ['neutral'], ['neutral'], ['neutral'], ['neutral'], ['neutral']]","[['neutral'], ['neutral'], ['neutral']]",Are higher rates of depression in women accounted for by differential symptom reporting?,80,"[177.246, 69.459, 158.167, 122.784, 118.961, 94.375, 137.749]","[0.698, 0.919, 0.737, 0.81, 0.817, 0.868, 0.779]","[0, 0, 0, 0, 14.42, 16.17, 12.72]","[0, 0, 0, 0, 0.721, 0.809, 0.636]","[0.979, 0.944, 0.715, 0.159, 0.992, 0.566, 0.331]","[2, 3, 4, 7, 1, 5, 6]",no,correct
174,175,23264436,"No, most Medicare beneficiaries did not receive the recommended initial in‑person follow‑up within 2–12 weeks; adherence improved over time but remains suboptimal, especially among non‑white patients.",no,223.147,31,54,"[184.669, 218.021, 218.398, 224.847, 230.452, 262.493]","[0.438, 0.328, 0.327, 0.306, 0.287, 0.182]","[4.116, 0.557]","[['neutral'], ['neutral'], ['neutral'], ['neutral'], ['neutral'], ['neutral']]","[['neutral'], ['neutral']]",Follow-up of patients with new cardiovascular implantable electronic devices: are experts' recommendations implemented in routine clinical practice?,64,"[217.042, 193.417, 211.088, 220.841, 182.401, 198.424, 0]","[0.617, 0.665, 0.629, 0.609, 0.688, 0.655, 0]","[0, 0, 0, 0, 0, 21.08, 15.37]","[0, 0, 0, 0, 0, 1.054, 0.769]","[0.994, 0.99, 0.97, 0.326, 0.143, 0.995, 0.129]","[2, 3, 4, 5, 6, 1, 2]",yes,incorrect
175,176,22302658,"Maybe, limb‑salvage improves objective functional capacity (e.g., lower PCI) but does not consistently enhance overall quality‑of‑life scores compared with amputation.",maybe,209.559,36,43,"[147.772, 165.434, 176.962, 204.237, 206.995, 218.77, 242.134, 257.942, 265.782]","[0.559, 0.501, 0.463, 0.373, 0.364, 0.325, 0.249, 0.197, 0.171]","[2.143, 1.137]","[['neutral'], ['neutral'], ['neutral'], ['neutral'], ['neutral'], ['contradiction'], ['neutral'], ['neutral'], ['neutral']]","[['neutral'], ['neutral']]",Does limb-salvage surgery offer patients better quality of life and functional capacity than amputation?,72,"[139.179, 160.156, 178.128, 151.89, 177.697, 193.416, 207.548, 186.695, 123.752, 0]","[0.776, 0.733, 0.696, 0.75, 0.697, 0.665, 0.636, 0.679, 0.808, 0]","[0, 0, 0, 0, 0, 0, 0, 0, 26.64, 21.01]","[0, 0, 0, 0, 0, 0, 0, 0, 1.332, 1.05]","[0.99, 0.981, 0.965, 0.961, 0.908, 0.658, 0.424, 0.387, 0.973, 0.309]","[1, 2, 4, 5, 6, 7, 8, 9, 3, 2]",maybe,correct
176,177,24684514,"No, individualized targets based on ASA score and baseline Hb are recommended.",no,371.254,0,67,"[314.202, 319.054, 398.851, 400.344, 423.82]","[0.012, -0.004, -0.266, -0.271, -0.348]","[1.709, 0.073]","[['neutral'], ['neutral'], ['contradiction'], ['neutral'], ['neutral']]","[['neutral'], ['neutral']]",Should all patients be optimized to the same preoperative hemoglobin level to avoid transfusion in primary knee arthroplasty?,79,"[174.511, 112.906, 174.702, 50.308, 148.115]","[0.704, 0.83, 0.703, 0.958, 0.758]","[0, 0, 0, 23.59, 19.11]","[0, 0, 0, 1.18, 0.955]","[0.995, 0.901, 0.158, 0.982, 0.278]","[1, 3, 5, 2, 4]",no,correct
177,178,23360491,"Yes, spatial attention modulates early ERP responses to affective prosody, but later processing is largely independent.",yes,119.535,65,12,"[75.949, 87.074, 100.368, 109.315, 111.717, 119.426, 124.18, 124.658, 126.015, 127.913, 133.815, 146.388, 167.138]","[0.795, 0.758, 0.715, 0.685, 0.677, 0.652, 0.636, 0.635, 0.63, 0.624, 0.605, 0.563, 0.495]","[1.232, 1.057, 1.042]","[['neutral'], ['neutral'], ['neutral'], ['neutral'], ['neutral'], ['neutral'], ['neutral'], ['neutral'], ['neutral'], ['neutral'], ['neutral'], ['neutral'], ['neutral']]","[['neutral'], ['neutral'], ['neutral']]",Is the processing of affective prosody influenced by spatial attention?,80,"[120.031, 155.953, 158.757, 159.133, 143.532, 136.588, 123.579, 131.278, 118.012, 134.242, 101.307, 55.959, 124.803]","[0.815, 0.742, 0.736, 0.735, 0.767, 0.781, 0.808, 0.792, 0.819, 0.786, 0.853, 0.946, 0.805]","[0, 0, 0, 0, 0, 0, 0, 0, 0, 0, 14.89, 16.88, 12.76]","[0, 0, 0, 0, 0, 0, 0, 0, 0, 0, 0.744, 0.844, 0.638]","[0.995, 0.992, 0.991, 0.99, 0.987, 0.961, 0.909, 0.846, 0.395, 0.346, 0.995, 0.992, 0.986]","[2, 4, 5, 6, 7, 9, 10, 11, 12, 13, 1, 3, 8]",maybe,incorrect
178,179,22350859,"Yes, evidence shows pictorial warning labels increase impact among lower‑education smokers, improve knowledge, and reduce smoking‑related health disparities.",yes,157.234,53,32,"[133.673, 134.687, 143.422, 148.524, 160.059, 161.951, 163.831, 165.984, 176.55, 183.659]","[0.605, 0.602, 0.573, 0.556, 0.518, 0.512, 0.506, 0.499, 0.464, 0.441]","[1.547, 1.478, 1.367]","[['neutral'], ['contradiction'], ['contradiction'], ['neutral'], ['neutral'], ['contradiction'], ['neutral'], ['neutral'], ['neutral'], ['entailment']]","[['neutral'], ['entailment'], ['neutral']]",Can pictorial warning labels on cigarette packages address smoking-related health disparities?,68,"[205.476, 164.45, 168.441, 170.062, 189.621, 208.854, 202.516, 189.553, 175.58, 178.024, 0]","[0.64, 0.724, 0.716, 0.713, 0.673, 0.634, 0.647, 0.673, 0.702, 0.697, 0]","[0, 0, 0, 0, 0, 0, 0, 0, 18.68, 17.15, 21.7]","[0, 0, 0, 0, 0, 0, 0, 0, 0.934, 0.857, 1.085]","[0.996, 0.992, 0.987, 0.983, 0.94, 0.728, 0.564, 0.4, 0.991, 0.82, 0.241]","[1, 2, 4, 5, 6, 8, 9, 10, 3, 7, 3]",yes,correct
179,180,7860319,"Yes, 30‑day data largely capture hospital mortality performance; 180‑day outcomes correlate strongly with 30‑day rankings, and longer periods add little new insight.",yes,189.097,42,48,"[152.424, 162.436, 179.054, 184.512, 188.982, 206.68, 217.024, 221.662]","[0.543, 0.511, 0.456, 0.438, 0.423, 0.365, 0.331, 0.316]","[0.843, 0.498, 0.422]","[['neutral'], ['neutral'], ['neutral'], ['neutral'], ['contradiction'], ['neutral'], ['neutral'], ['neutral']]","[['neutral'], ['contradiction'], ['neutral']]",Measuring hospital mortality rates: are 30-day data enough?,60,"[262.866, 215.818, 230.093, 258.521, 196.455, 201.477, 220.388, 208.081, 0, 0]","[0.523, 0.619, 0.59, 0.532, 0.659, 0.649, 0.61, 0.635, 0, 0]","[0, 0, 0, 0, 0, 0, 0, 2.93, 3.29, 3.1]","[0, 0, 0, 0, 0, 0, 0, 0.147, 0.164, 0.155]","[0.996, 0.988, 0.969, 0.647, 0.518, 0.473, 0.134, 0.439, 0.992, 0.981]","[1, 2, 3, 4, 5, 6, 8, 7, 1, 2]",yes,correct
180,181,20497146,"Yes, maximal healing occurs when intragastric pH > 4 for about 12–17 h (≈50–70 % of a 24‑h period); beyond that no further benefit.",yes,182.254,45,32,"[168.038, 173.274, 177.596, 180.065, 181.153, 186.989, 190.412, 200.502]","[0.492, 0.475, 0.461, 0.453, 0.449, 0.43, 0.419, 0.386]","[2.916, 2.155, 0.194]","[['neutral'], ['neutral'], ['neutral'], ['neutral'], ['neutral'], ['neutral'], ['neutral'], ['neutral']]","[['neutral'], ['neutral'], ['neutral']]",A model of healing of Los Angeles grades C and D reflux oesophagitis: is there an optimal time of acid suppression for maximal healing?,77,"[155.743, 204.475, 155.258, 164.062, 178.02, 122.084, 56.434, 109.242]","[0.742, 0.643, 0.743, 0.725, 0.697, 0.811, 0.945, 0.837]","[0, 0, 0, 0, 0, 24.67, 27.75, 30.34]","[0, 0, 0, 0, 0, 1.233, 1.388, 1.517]","[0.986, 0.837, 0.699, 0.152, 0.108, 0.981, 0.916, 0.811]","[1, 4, 6, 7, 8, 2, 3, 5]",yes,correct
181,182,23571528,"No, sternal skin conductance shows only 24% concordance with diary‑reported hot flashes, a 45% sensitivity, and 76% false‑negative rate, indicating it is not a reliable surrogate.",no,142.893,57,24,"[99.323, 124.737, 134.213, 152.285, 203.907]","[0.718, 0.634, 0.603, 0.544, 0.374]","[1.974, 1.024, 0.866]","[['neutral'], ['neutral'], ['neutral'], ['neutral'], ['neutral']]","[['neutral'], ['neutral'], ['neutral']]",Sternal skin conductance: a reasonable surrogate for hot flash measurement?,74,"[171.287, 136.016, 150.01, 179.812, 151.658]","[0.71, 0.782, 0.754, 0.693, 0.751]","[0, 0, 22.51, 18.96, 21.77]","[0, 0, 1.126, 0.948, 1.088]","[0.984, 0.835, 0.755, 0.64, 0.479]","[1, 2, 3, 4, 5]",no,correct
182,183,22348433,"Yes, partial expander deflation immediately before radiotherapy increases adverse effects—particularly in the lower expander pole—likely due to heightened radiosensitization from increased blood flow and oxygenation.",yes,123.647,64,11,"[92.521, 95.605, 117.103, 120.452, 125.75, 127.894, 127.955, 147.611, 157.932]","[0.74, 0.73, 0.66, 0.649, 0.631, 0.624, 0.624, 0.559, 0.525]","[3.686, 0.923, 0.881]","[['neutral'], ['neutral'], ['entailment'], ['neutral'], ['contradiction'], ['neutral'], ['neutral'], ['neutral'], ['contradiction']]","[['neutral'], ['neutral'], ['contradiction']]",Does partial expander deflation exacerbate the adverse effects of radiotherapy in two-stage breast reconstruction?,83,"[130.044, 154.915, 136.793, 97.211, 133.764, 96.73, 80.075, 83.308, 106.463]","[0.795, 0.744, 0.781, 0.862, 0.787, 0.863, 0.897, 0.89, 0.843]","[0, 0, 0, 0, 0, 0, 25.38, 22.22, 21.73]","[0, 0, 0, 0, 0, 0, 1.269, 1.111, 1.087]","[0.996, 0.996, 0.993, 0.969, 0.942, 0.423, 0.993, 0.99, 0.936]","[1, 2, 4, 6, 7, 9, 3, 5, 8]",yes,correct
183,184,20197761,"No, IBS is not a diagnosis of exclusion; it is diagnosed positively using Rome criteria alone.",no,211.589,35,46,"[154.528, 182.437, 184.898, 186.286, 191.176, 200.218, 221.456, 284.257, 299.046]","[0.537, 0.445, 0.437, 0.432, 0.416, 0.386, 0.317, 0.11, 0.062]",[1.475],"[['contradiction'], ['neutral'], ['neutral'], ['neutral'], ['contradiction'], ['neutral'], ['neutral'], ['neutral'], ['neutral']]",[['neutral']],Is irritable bowel syndrome a diagnosis of exclusion?,70,"[139.562, 182.579, 221.481, 232.506, 167.822, 186.095, 202.425, 136.949, 128.741]","[0.775, 0.687, 0.608, 0.585, 0.717, 0.68, 0.647, 0.781, 0.797]","[0, 0, 0, 0, 0, 0, 0, 0, 11.06]","[0, 0, 0, 0, 0, 0, 0, 0, 0.553]","[0.996, 0.995, 0.994, 0.991, 0.982, 0.955, 0.931, 0.138, 0.996]","[2, 3, 4, 5, 6, 7, 8, 9, 1]",maybe,incorrect
184,185,21394762,"Yes, pelvic pain is associated with defecatory symptoms in women with pelvic organ prolapse, as shown by increased odds of pain with higher CRADI‑8 scores and significant links to symptoms such as pain with bowel movements, fecal urgency, incomplete evacuation, and straining.",yes,71.741,81,0,"[42.286, 44.197, 65.436, 101.454, 105.331]","[0.905, 0.899, 0.829, 0.711, 0.698]",[3.152],"[['neutral'], ['neutral'], ['neutral'], ['neutral'], ['neutral']]",[['neutral']],Is pelvic pain associated with defecatory symptoms in women with pelvic organ prolapse?,84,"[111.616, 73.468, 134.9, 135.733, 73.186]","[0.832, 0.91, 0.785, 0.783, 0.911]","[0, 0, 0, 0, 26.18]","[0, 0, 0, 0, 1.309]","[0.99, 0.949, 0.938, 0.412, 0.759]","[1, 2, 3, 5, 4]",yes,correct
185,186,12607666,"Yes, extended aortic replacement is justifiable when technically feasible, as it permits complete resection of all dissected tissue and has shown good early and mid‑term outcomes.",yes,149.02,55,26,"[140.389, 143.215, 145.556, 152.099, 163.842]","[0.583, 0.574, 0.566, 0.545, 0.506]","[2.332, 1.261, 0.468]","[['neutral'], ['neutral'], ['neutral'], ['neutral'], ['neutral']]","[['neutral'], ['neutral'], ['neutral']]",Is extended aortic replacement in acute type A dissection justifiable?,74,"[162.401, 148.962, 147.11, 171.61, 153.018]","[0.729, 0.756, 0.76, 0.71, 0.748]","[0, 0, 15.3, 14.84, 15.58]","[0, 0, 0.765, 0.742, 0.779]","[0.978, 0.123, 0.995, 0.935, 0.366]","[2, 5, 1, 3, 4]",yes,correct
186,187,14652839,"No, the study found no difference in distal embolisation between proximal‑first and distal‑first clamp application.",no,207.68,36,51,"[145.383, 147.153, 173.487, 178.351, 208.817, 219.794, 380.773]","[0.567, 0.561, 0.474, 0.458, 0.358, 0.322, -0.207]","[1.213, 1.045]","[['neutral'], ['contradiction'], ['neutral'], ['neutral'], ['contradiction'], ['neutral'], ['neutral']]","[['neutral'], ['neutral']]",Does the sequence of clamp application during open abdominal aortic aneurysm surgery influence distal embolisation?,63,"[185.65, 215.151, 167.312, 249.699, 393.656, 130.759, 143.021, 0]","[0.681, 0.621, 0.719, 0.55, 0.256, 0.793, 0.768, 0]","[0, 0, 0, 0, 0, 0, 27.35, 15.82]","[0, 0, 0, 0, 0, 0, 1.368, 0.791]","[0.993, 0.992, 0.968, 0.132, 0.125, 0.118, 0.933, 0.113]","[1, 2, 3, 5, 6, 7, 4, 2]",no,correct
187,188,18719011,"No, an overweight birth cohort in childhood does not necessarily remain overweight in adulthood; recent Japanese female cohorts were more overweight in childhood but thinner as young adults.",no,122.558,64,33,"[84.262, 95.985, 99.466, 100.712, 105.194, 112.59, 140.643, 143.923, 143.991, 154.64, 166.735]","[0.767, 0.729, 0.718, 0.713, 0.699, 0.674, 0.582, 0.571, 0.571, 0.536, 0.496]","[3.888, 1.665, 1.517]","[['neutral'], ['neutral'], ['contradiction'], ['neutral'], ['neutral'], ['neutral'], ['neutral'], ['neutral'], ['neutral'], ['neutral'], ['contradiction']]","[['neutral'], ['neutral'], ['contradiction']]",Do overweight children necessarily make overweight adults?,57,"[243.934, 237.037, 262.533, 275.687, 248.602, 272.186, 265.707, 264.257, 160.516, 190.101, 233.979]","[0.562, 0.576, 0.524, 0.497, 0.552, 0.504, 0.517, 0.52, 0.732, 0.672, 0.582]","[0, 0, 0, 0, 0, 0, 0, 0, 13.77, 13.12, 11.48]","[0, 0, 0, 0, 0, 0, 0, 0, 0.688, 0.656, 0.574]","[0.997, 0.996, 0.981, 0.981, 0.756, 0.354, 0.235, 0.191, 0.992, 0.988, 0.856]","[1, 2, 5, 6, 8, 9, 10, 11, 3, 4, 7]",no,correct
188,189,23621776,"No, a history of unintended pregnancy does not lessen the likelihood of desire for sterilization reversal; in fact, unadjusted analyses show higher odds, and adjusted analyses find no significant reduction.",no,94.452,73,2,"[62.184, 77.728, 80.132, 83.008, 83.905, 88.396, 93.341, 98.735, 102.266, 103.124, 114.294, 119.701, 121.068]","[0.84, 0.789, 0.781, 0.772, 0.769, 0.754, 0.738, 0.72, 0.708, 0.705, 0.669, 0.651, 0.647]","[2.359, 1.531, 1.474]","[['neutral'], ['neutral'], ['neutral'], ['neutral'], ['contradiction'], ['neutral'], ['neutral'], ['neutral'], ['neutral'], ['neutral'], ['neutral'], ['neutral'], ['neutral']]","[['neutral'], ['neutral'], ['neutral']]",Does a history of unintended pregnancy lessen the likelihood of desire for sterilization reversal?,85,"[88.474, 117.582, 107.24, 104.742, 125.395, 99.139, 122.726, 87.067, 94.877, 88.037, 92.351, 119.909, 104.324]","[0.88, 0.82, 0.841, 0.846, 0.804, 0.858, 0.81, 0.883, 0.867, 0.881, 0.872, 0.815, 0.847]","[0, 0, 0, 0, 0, 0, 0, 0, 0, 0, 21.17, 25.53, 21.25]","[0, 0, 0, 0, 0, 0, 0, 0, 0, 0, 1.059, 1.277, 1.062]","[0.994, 0.994, 0.991, 0.989, 0.986, 0.981, 0.978, 0.965, 0.924, 0.745, 0.992, 0.976, 0.951]","[1, 2, 4, 5, 6, 7, 8, 10, 12, 13, 3, 9, 11]",no,correct
189,190,14655021,"No, juvenile ankylosing spondylitis differs from adult AS in onset, clinical phenotype, and prognosis. Juvenile cases present mainly with peripheral oligoarthritis, enthesitis, and hip/knee involvement, with sacroiliitis developing later, whereas adult AS predominantly involves axial skeleton early. These distinct patterns suggest they are related but not identical diseases.",no,126.888,63,27,"[85.837, 101.497, 104.977, 127.728, 145.335, 195.955]","[0.762, 0.711, 0.699, 0.625, 0.567, 0.4]","[1.651, 1.412]","[['neutral'], ['neutral'], ['neutral'], ['neutral'], ['neutral'], ['neutral']]","[['neutral'], ['neutral']]",Juvenile ankylosing spondylitis--is it the same disease as adult ankylosing spondylitis?,65,"[226.642, 237.491, 226.344, 235.35, 194.124, 74.553]","[0.597, 0.575, 0.598, 0.579, 0.664, 0.908]","[0, 0, 0, 0, 25.49, 24.9]","[0, 0, 0, 0, 1.275, 1.245]","[0.992, 0.747, 0.437, 0.227, 0.838, 0.391]","[1, 3, 4, 6, 2, 5]",no,correct
190,191,28006766,"Yes, high Ki‑67 expression predicts poorer survival and higher disease progression in upper‑tract urothelial carcinoma, making it a prognostic biomarker.",yes,276.426,14,72,"[187.92, 230.844, 231.351, 299.997, 303.965, 404.479]","[0.427, 0.286, 0.284, 0.059, 0.046, -0.285]","[2.391, 0.873]","[['neutral'], ['neutral'], ['neutral'], ['neutral'], ['neutral'], ['neutral']]","[['contradiction'], ['neutral']]",Is Overexpression of Ki-67 a Prognostic Biomarker of Upper Tract Urinary Carcinoma?,59,"[193.948, 224.905, 215.205, 240.266, 260.835, 241.454, 0, 0]","[0.664, 0.601, 0.621, 0.569, 0.527, 0.567, 0, 0]","[0, 0, 0, 0, 0, 0, 16.59, 18.36]","[0, 0, 0, 0, 0, 0, 0.83, 0.918]","[0.994, 0.93, 0.834, 0.636, 0.549, 0.202, 0.982, 0.877]","[1, 2, 3, 4, 5, 6, 1, 2]",yes,correct
191,192,19575104,"No, foreign bodies do not migrate toward the heart; they may perforate or abscess but not follow a path toward cardiac structures.",no,192.791,41,47,"[165.797, 178.535, 234.041]","[0.5, 0.458, 0.275]","[0.969, 0.758, 0.593]","[['neutral'], ['neutral'], ['neutral']]","[['neutral'], ['neutral'], ['neutral']]",Do foreign bodies migrate through the body towards the heart?,62,"[300.553, 171.452, 171.682]","[0.446, 0.71, 0.71]","[14.64, 12.96, 12.81]","[0.732, 0.648, 0.64]","[0.995, 0.994, 0.966]","[1, 2, 3]",no,correct
192,193,16971978,"Yes, complex coronary lesions (bifurcation and ostial) are significantly more frequent in patients with diabetes mellitus.",yes,98.122,72,8,"[57.403, 75.167, 78.885, 88.716, 92.423, 141.522, 152.736]","[0.856, 0.797, 0.785, 0.753, 0.741, 0.579, 0.542]","[1.279, 1.174, 0.861]","[['neutral'], ['neutral'], ['neutral'], ['neutral'], ['neutral'], ['neutral'], ['neutral']]","[['neutral'], ['neutral'], ['contradiction']]",Are complex coronary lesions more frequent in patients with diabetes mellitus?,78,"[63.732, 137.818, 222.023, 201.793, 132.796, 118.028, 97.589, 0]","[0.93, 0.779, 0.607, 0.648, 0.789, 0.819, 0.861, 0]","[0, 0, 0, 0, 0, 13.89, 16.44, 13.22]","[0, 0, 0, 0, 0, 0.694, 0.822, 0.661]","[0.99, 0.99, 0.986, 0.297, 0.207, 0.995, 0.992, 0.846]","[3, 4, 5, 6, 7, 1, 2, 3]",yes,correct
193,194,21558951,"No, intrauterine cocaine exposure is not a strong predictor of early‑adolescent delinquency; other factors such as tobacco exposure and violence are more influential.",no,143.111,57,23,"[102.376, 113.58, 121.93, 138.247, 139.447, 158.985, 177.438, 192.883]","[0.708, 0.671, 0.644, 0.59, 0.586, 0.522, 0.461, 0.411]","[1.598, 1.244, 1.224]","[['neutral'], ['neutral'], ['neutral'], ['entailment'], ['neutral'], ['neutral'], ['neutral'], ['neutral']]","[['neutral'], ['neutral'], ['neutral']]",Are there effects of intrauterine cocaine exposure on delinquency during early adolescence?,75,"[189.599, 153.454, 194.463, 168.951, 168.535, 118.957, 127.64, 87.35]","[0.673, 0.747, 0.663, 0.715, 0.716, 0.817, 0.8, 0.882]","[0, 0, 0, 0, 0, 17.94, 17.91, 19.76]","[0, 0, 0, 0, 0, 0.897, 0.895, 0.988]","[0.983, 0.915, 0.607, 0.217, 0.162, 0.986, 0.979, 0.848]","[2, 4, 6, 7, 8, 1, 3, 5]",no,correct
194,195,24073931,"No, covering the resection margin after distal pancreatectomy does not reduce fistula rates or improve outcomes.",no,122.358,64,18,"[65.319, 95.499, 107.322, 107.338, 120.54, 131.771, 149.349, 160.245, 163.842]","[0.83, 0.731, 0.692, 0.692, 0.648, 0.611, 0.554, 0.518, 0.506]","[1.016, 1.01, 0.532]","[['entailment'], ['neutral'], ['neutral'], ['contradiction'], ['neutral'], ['neutral'], ['neutral'], ['neutral'], ['neutral']]","[['neutral'], ['neutral'], ['neutral']]",Is the covering of the resection margin after distal pancreatectomy advantageous?,74,"[137.852, 153.758, 204.807, 158.572, 177.637, 200.267, 68.468, 131.278, 175.851]","[0.779, 0.746, 0.642, 0.736, 0.697, 0.651, 0.921, 0.792, 0.701]","[0, 0, 0, 0, 0, 0, 17.86, 14.62, 13.17]","[0, 0, 0, 0, 0, 0, 0.893, 0.731, 0.658]","[0.991, 0.988, 0.982, 0.94, 0.601, 0.119, 0.994, 0.992, 0.517]","[3, 4, 5, 6, 7, 9, 1, 2, 8]",no,correct
195,196,18472368,"Maybe. Some studies show no difference in control or survival with longer overall treatment time, while others find that extended duration (especially >8 weeks or high non‑treatment‑day ratios) can worsen biochemical control in low‑risk prostate cancer.",maybe,154.521,54,32,"[121.516, 121.85, 136.886, 147.172, 183.549, 216.154]","[0.645, 0.644, 0.595, 0.561, 0.441, 0.334]","[3.036, 1.243]","[['neutral'], ['neutral'], ['neutral'], ['neutral'], ['neutral'], ['neutral']]","[['neutral'], ['neutral']]",Does treatment duration affect outcome after radiotherapy for prostate cancer?,68,"[201.621, 193.264, 215.861, 165.304, 141.05, 198.447]","[0.648, 0.665, 0.619, 0.723, 0.772, 0.655]","[0, 0, 0, 0, 9.46, 10.85]","[0, 0, 0, 0, 0.473, 0.542]","[0.964, 0.73, 0.572, 0.506, 0.998, 0.995]","[3, 4, 5, 6, 1, 2]",yes,incorrect
196,197,23992109,"Yes, urinary biomarkers provide a non‑invasive assessment of tubular lesions in solitary kidney patients.",yes,130.985,61,17,"[97.833, 120.599, 130.81, 132.077, 149.556, 155.036]","[0.723, 0.648, 0.615, 0.61, 0.553, 0.535]","[1.176, 0.677, 0.58]","[['neutral'], ['neutral'], ['neutral'], ['neutral'], ['neutral'], ['neutral']]","[['neutral'], ['neutral'], ['neutral']]",Is the urinary biomarkers assessment a non-invasive approach to tubular lesions of the solitary kidney?,78,"[172.7, 127.336, 142.263, 173.961, 91.84, 108.821]","[0.707, 0.8, 0.77, 0.705, 0.873, 0.838]","[0, 0, 0, 20.16, 19.45, 22.74]","[0, 0, 0, 1.008, 0.972, 1.137]","[0.997, 0.995, 0.989, 0.996, 0.992, 0.991]","[1, 3, 6, 2, 4, 5]",yes,correct
197,198,21951591,"Yes, pain‑related cognitions influence motor performance in chronic low back pain, as shown by worse reaction and movement times in patients, especially when pain expectations are provoked.",yes,101.441,71,7,"[54.501, 69.573, 91.658, 97.541, 98.191, 105.294, 106.749, 141.425, 148.041]","[0.865, 0.816, 0.743, 0.724, 0.722, 0.698, 0.694, 0.58, 0.558]","[3.299, 2.348, 1.113]","[['neutral'], ['contradiction'], ['neutral'], ['neutral'], ['neutral'], ['contradiction'], ['neutral'], ['neutral'], ['neutral']]","[['neutral'], ['neutral'], ['neutral']]",Motor performance in chronic low back pain: is there an influence of pain-related cognitions?,81,"[137.804, 153.85, 134.406, 159.601, 124.174, 151.981, 94.071, 119.895, 46.146]","[0.779, 0.746, 0.786, 0.734, 0.807, 0.75, 0.868, 0.815, 0.966]","[0, 0, 0, 0, 0, 0, 18.64, 22.3, 23.62]","[0, 0, 0, 0, 0, 0, 0.932, 1.115, 1.181]","[0.981, 0.981, 0.979, 0.968, 0.942, 0.214, 0.992, 0.873, 0.357]","[2, 3, 4, 5, 6, 9, 1, 7, 8]",yes,correct
198,199,15919266,"No, routine adjuvant radiation is not necessary for all stage III thymoma patients; recurrence rates and survival are similar with or without it, suggesting selective use rather than universal application.",no,134.75,60,28,"[84.209, 105.296, 108.399, 113.944, 118.135, 138.322, 178.624, 179.08, 186.742]","[0.768, 0.698, 0.688, 0.67, 0.656, 0.59, 0.457, 0.456, 0.431]","[2.019, 1.108]","[['neutral'], ['neutral'], ['neutral'], ['contradiction'], ['neutral'], ['neutral'], ['neutral'], ['contradiction'], ['neutral']]","[['contradiction'], ['neutral']]",Adjuvant radiation of stage III thymoma: is it necessary?,66,"[206.765, 207.446, 177.596, 220.884, 203.898, 217.295, 187.145, 154.756, 171.269]","[0.638, 0.636, 0.697, 0.609, 0.644, 0.616, 0.678, 0.744, 0.71]","[0, 0, 0, 0, 0, 0, 0, 15.82, 16.32]","[0, 0, 0, 0, 0, 0, 0, 0.791, 0.816]","[0.995, 0.994, 0.992, 0.99, 0.338, 0.307, 0.129, 0.967, 0.963]","[1, 2, 3, 4, 7, 8, 9, 5, 6]",no,correct
199,200,2503176,"Yes, inhibin levels are markedly elevated in hydatidiform mole patients and fall sharply after evacuation, suggesting it is a promising specific circulating marker for the condition.",yes,274.923,14,86,"[220.923, 237.124, 244.186, 246.573, 267.529, 279.723, 284.481, 284.632, 335.163, 348.892]","[0.318, 0.265, 0.242, 0.234, 0.165, 0.125, 0.11, 0.109, -0.057, -0.102]","[0.415, 0.211, 0.161]","[['contradiction'], ['neutral'], ['neutral'], ['neutral'], ['neutral'], ['neutral'], ['contradiction'], ['neutral'], ['contradiction'], ['neutral']]","[['neutral'], ['neutral'], ['neutral']]",Inhibin: a new circulating marker of hydatidiform mole?,43,"[337.12, 320.466, 320.092, 319.226, 322.241, 337.544, 258.798, 307.401, 276.893, 291.026, 0, 0]","[0.371, 0.405, 0.406, 0.408, 0.402, 0.37, 0.531, 0.432, 0.494, 0.466, 0, 0]","[0, 0, 0, 0, 0, 0, 0, 0, 0, 4.78, 3.93, 4.7]","[0, 0, 0, 0, 0, 0, 0, 0, 0, 0.239, 0.196, 0.235]","[0.993, 0.991, 0.988, 0.805, 0.472, 0.395, 0.334, 0.164, 0.152, 0.295, 0.99, 0.289]","[1, 2, 3, 4, 5, 6, 7, 9, 10, 8, 1, 2]",yes,correct
200,201,20337874,"No, current guidelines are insufficient to ensure prompt diagnosis of ARM, as delayed diagnosis remains common (~32%) and guidelines lack mandatory documentation of anal patency within 24 h.",no,207.623,36,42,"[153.989, 170.768, 175.537, 175.998, 214.366, 215.436, 230.983, 244.229, 287.305]","[0.538, 0.483, 0.468, 0.466, 0.34, 0.336, 0.285, 0.242, 0.1]","[2.556, 1.719, 0.921]","[['neutral'], ['neutral'], ['entailment'], ['contradiction'], ['neutral'], ['neutral'], ['neutral'], ['neutral'], ['neutral']]","[['neutral'], ['neutral'], ['neutral']]",Delayed diagnosis of anorectal malformations: are current guidelines sufficient?,73,"[218.938, 226.296, 195.423, 191.57, 144.604, 137.978, 166.66, 119.061, 72.298]","[0.613, 0.598, 0.661, 0.669, 0.765, 0.778, 0.72, 0.817, 0.913]","[0, 0, 0, 0, 0, 0, 12.72, 16.04, 14.48]","[0, 0, 0, 0, 0, 0, 0.636, 0.802, 0.724]","[0.973, 0.949, 0.931, 0.62, 0.489, 0.478, 0.997, 0.995, 0.579]","[3, 4, 5, 6, 8, 9, 1, 2, 7]",no,correct
201,202,19198736,"No, small‑for‑gestational‑age is not a significant risk factor for retinopathy of prematurity; risk factors are similar in SGA and AGA infants.",no,192.775,41,43,"[117.624, 118.465, 129.399, 139.369, 161.072, 187.275, 212.757, 215.445, 229.15, 265.687, 344.282]","[0.658, 0.655, 0.619, 0.586, 0.515, 0.429, 0.345, 0.336, 0.291, 0.171, -0.087]","[0.871, 0.761, 0.499]","[['neutral'], ['neutral'], ['neutral'], ['neutral'], ['neutral'], ['contradiction'], ['neutral'], ['neutral'], ['neutral'], ['neutral'], ['neutral']]","[['neutral'], ['neutral'], ['neutral']]",Is being small for gestational age a risk factor for retinopathy of prematurity?,67,"[182.478, 159.942, 235.138, 345.022, 146.064, 201.862, 265.952, 233.957, 93.61, 113.472, 140.357]","[0.688, 0.734, 0.58, 0.355, 0.762, 0.648, 0.517, 0.582, 0.869, 0.829, 0.774]","[0, 0, 0, 0, 0, 0, 0, 0, 12.06, 13.56, 10.98]","[0, 0, 0, 0, 0, 0, 0, 0, 0.603, 0.678, 0.549]","[0.99, 0.989, 0.986, 0.983, 0.982, 0.963, 0.874, 0.535, 0.981, 0.979, 0.951]","[1, 2, 3, 4, 5, 8, 10, 11, 6, 7, 9]",no,correct
202,203,22411435,"Yes, the higher risk of serious infections with infliximab versus etanercept appears mainly in patients younger than 65 years; no clear variation was seen by sex, race/ethnicity, BMI, or smoking.",yes,102.671,71,5,"[75.889, 77.761, 84.577, 85.219, 113.891, 132.642, 148.716]","[0.795, 0.789, 0.766, 0.764, 0.67, 0.608, 0.556]","[0.927, 0.858]","[['neutral'], ['entailment'], ['neutral'], ['neutral'], ['neutral'], ['neutral'], ['neutral']]","[['neutral'], ['neutral']]",Comparative safety of infliximab and etanercept on the risk of serious infections: does the association vary by patient characteristics?,83,"[138.677, 123.219, 146.105, 47.573, 126.096, 101.737, 106.076]","[0.777, 0.809, 0.762, 0.963, 0.803, 0.853, 0.844]","[0, 0, 0, 0, 0, 17.36, 18.04]","[0, 0, 0, 0, 0, 0.868, 0.902]","[0.998, 0.995, 0.987, 0.986, 0.643, 0.995, 0.914]","[1, 3, 4, 5, 7, 2, 6]",yes,correct
203,204,23792130,"Yes, MR‑US fusion biopsy shows higher detection rates in enlarged prostates compared to standard TRUS biopsy.",yes,136.036,60,19,"[77.575, 93.273, 101.926, 121.938, 136.497, 155.394, 200.738, 200.95]","[0.789, 0.738, 0.709, 0.644, 0.596, 0.534, 0.385, 0.384]","[2.397, 0.655, 0.503]","[['entailment'], ['neutral'], ['neutral'], ['contradiction'], ['neutral'], ['neutral'], ['neutral'], ['neutral']]","[['neutral'], ['neutral'], ['neutral']]",Can magnetic resonance-ultrasound fusion biopsy improve cancer detection in enlarged prostates?,77,"[161.732, 169.14, 126.474, 195.303, 120.789, 172.25, 97.133, 75.487, 0]","[0.73, 0.715, 0.802, 0.661, 0.814, 0.708, 0.862, 0.906, 0]","[0, 0, 0, 0, 0, 0, 27.78, 26.36, 22.05]","[0, 0, 0, 0, 0, 0, 1.389, 1.318, 1.103]","[0.994, 0.987, 0.98, 0.976, 0.936, 0.756, 0.995, 0.99, 0.116]","[2, 4, 5, 6, 7, 8, 1, 3, 3]",yes,correct
204,205,21457946,"Yes, longitudinal MRI studies show progressive loss of gray and white matter and ventricular enlargement in schizophrenia.",yes,131.027,61,24,"[80.527, 105.754, 109.695, 118.669, 124.53, 126.019, 128.285, 129.494, 131.096, 132.942, 134.417, 145.244, 176.975, 190.735]","[0.78, 0.697, 0.684, 0.654, 0.635, 0.63, 0.623, 0.619, 0.614, 0.608, 0.603, 0.567, 0.463, 0.418]",[0.604],"[['neutral'], ['neutral'], ['neutral'], ['neutral'], ['contradiction'], ['neutral'], ['neutral'], ['neutral'], ['neutral'], ['neutral'], ['neutral'], ['contradiction'], ['neutral'], ['contradiction']]",[['contradiction']],Are there progressive brain changes in schizophrenia?,70,"[136.585, 179.501, 173.218, 192.518, 196.529, 180.817, 161.394, 194.751, 182.104, 159.172, 171.245, 167.377, 187.031, 161.149]","[0.781, 0.694, 0.706, 0.667, 0.659, 0.691, 0.731, 0.662, 0.688, 0.735, 0.71, 0.718, 0.678, 0.731]","[0, 0, 0, 0, 0, 0, 0, 0, 0, 0, 0, 0, 0, 9.69]","[0, 0, 0, 0, 0, 0, 0, 0, 0, 0, 0, 0, 0, 0.484]","[0.993, 0.993, 0.99, 0.99, 0.99, 0.989, 0.986, 0.982, 0.974, 0.969, 0.467, 0.24, 0.105, 0.771]","[1, 2, 3, 4, 5, 6, 7, 8, 9, 10, 12, 13, 14, 11]",yes,correct
205,206,25699562,"Yes, TLI assessed in late childhood predicts suicidal symptoms at young adulthood.",yes,158.572,52,32,"[82.112, 124.983, 125.749, 128.582, 135.001, 146.283, 168.893, 175.46, 181.359, 182.615, 184.972, 185.18, 196.143, 202.678]","[0.775, 0.634, 0.631, 0.622, 0.601, 0.564, 0.489, 0.468, 0.448, 0.444, 0.437, 0.436, 0.4, 0.378]","[0.815, 0.709, 0.626]","[['neutral'], ['neutral'], ['contradiction'], ['neutral'], ['neutral'], ['neutral'], ['neutral'], ['neutral'], ['neutral'], ['neutral'], ['neutral'], ['neutral'], ['neutral'], ['neutral']]","[['neutral'], ['neutral'], ['neutral']]",Does the Transmissible Liability Index (TLI) assessed in late childhood predict suicidal symptoms at young adulthood?,70,"[162.422, 219.406, 158.775, 214.518, 201.885, 178.0, 195.581, 185.042, 194.032, 222.313, 149.118, 157.135, 108.093, 154.249]","[0.729, 0.612, 0.736, 0.622, 0.648, 0.697, 0.661, 0.682, 0.664, 0.606, 0.756, 0.739, 0.84, 0.745]","[0, 0, 0, 0, 0, 0, 0, 0, 0, 0, 0, 22.95, 24.83, 32.64]","[0, 0, 0, 0, 0, 0, 0, 0, 0, 0, 0, 1.148, 1.241, 1.632]","[0.991, 0.986, 0.975, 0.961, 0.96, 0.931, 0.888, 0.827, 0.822, 0.594, 0.508, 0.994, 0.952, 0.767]","[2, 3, 4, 5, 6, 8, 9, 10, 11, 13, 14, 1, 7, 12]",yes,correct
206,207,19648304,"Yes, it improves outcomes—reduces procedural pain, lowers pain scores at follow‑up, increases responder rates, and decreases non‑responder rates compared with palpation‑guided injections.",yes,234.67,27,49,"[140.914, 168.779, 186.945, 189.556, 228.848, 232.016, 246.847, 258.237, 261.552, 270.937, 272.308, 274.89, 318.88]","[0.581, 0.49, 0.43, 0.421, 0.292, 0.282, 0.233, 0.196, 0.185, 0.154, 0.15, 0.141, -0.003]","[2.974, 1.288, 0.813]","[['neutral'], ['neutral'], ['neutral'], ['neutral'], ['neutral'], ['neutral'], ['contradiction'], ['neutral'], ['neutral'], ['neutral'], ['neutral'], ['neutral'], ['neutral']]","[['neutral'], ['neutral'], ['neutral']]",Does sonographic needle guidance affect the clinical outcome of intraarticular injections?,74,"[187.391, 171.077, 143.498, 147.667, 126.443, 171.41, 189.139, 169.328, 174.117, 188.379, 109.341, 131.284, 127.103]","[0.677, 0.711, 0.767, 0.759, 0.802, 0.71, 0.674, 0.714, 0.705, 0.675, 0.837, 0.792, 0.801]","[0, 0, 0, 0, 0, 0, 0, 0, 0, 0, 17.49, 22.35, 17.47]","[0, 0, 0, 0, 0, 0, 0, 0, 0, 0, 0.874, 1.118, 0.873]","[0.998, 0.995, 0.994, 0.993, 0.992, 0.988, 0.988, 0.987, 0.982, 0.435, 0.991, 0.967, 0.373]","[1, 2, 3, 4, 5, 7, 8, 9, 10, 12, 6, 11, 13]",yes,correct
207,208,21864397,"Yes, combined modality treatment improves survival in nasopharyngeal carcinoma patients with lung metastasis alone, especially for those with disease‑free interval >1 year and age ≤45 years.",yes,148.912,56,24,"[115.706, 122.451, 132.664, 134.054, 149.506, 157.78, 168.592, 168.882, 190.572]","[0.664, 0.642, 0.608, 0.604, 0.553, 0.526, 0.49, 0.489, 0.418]","[3.196, 1.432]","[['neutral'], ['neutral'], ['neutral'], ['neutral'], ['neutral'], ['contradiction'], ['neutral'], ['neutral'], ['neutral']]","[['neutral'], ['neutral']]",Factors determining the survival of nasopharyngeal carcinoma with lung metastasis alone: does combined modality treatment benefit?,75,"[133.852, 176.36, 131.274, 175.675, 181.407, 178.239, 155.605, 153.817, 87.918, 0]","[0.787, 0.7, 0.792, 0.701, 0.69, 0.696, 0.742, 0.746, 0.881, 0]","[0, 0, 0, 0, 0, 0, 0, 0, 23.7, 17.63]","[0, 0, 0, 0, 0, 0, 0, 0, 1.185, 0.881]","[0.996, 0.993, 0.992, 0.975, 0.954, 0.858, 0.436, 0.337, 0.987, 0.996]","[1, 2, 3, 5, 6, 7, 8, 9, 4, 1]",yes,correct
208,209,24235894,"No, the study found no overall first‑night effect on sleep bruxism severity in young, healthy subjects.",no,163.423,51,32,"[138.737, 142.644, 155.645, 167.008, 172.308, 178.683, 188.938]","[0.588, 0.576, 0.533, 0.496, 0.478, 0.457, 0.424]","[1.477, 0.97, 0.681]","[['neutral'], ['neutral'], ['neutral'], ['neutral'], ['neutral'], ['neutral'], ['contradiction']]","[['neutral'], ['contradiction'], ['neutral']]",Is there a first night effect on sleep bruxism?,71,"[201.236, 178.938, 157.196, 161.991, 182.576, 141.559, 176.749, 0]","[0.649, 0.695, 0.739, 0.729, 0.687, 0.771, 0.699, 0]","[0, 0, 0, 0, 0, 13.53, 14.01, 13.44]","[0, 0, 0, 0, 0, 0.676, 0.701, 0.672]","[0.98, 0.965, 0.961, 0.9, 0.133, 0.988, 0.934, 0.989]","[2, 3, 4, 6, 7, 1, 5, 1]",no,correct
209,210,25793749,"Yes, Web‑based participants reported higher psychological symptom burden, while physical symptom burden was comparable between Web‑based and clinic samples.",yes,174.829,47,38,"[126.835, 127.617, 137.804, 140.582, 176.39, 185.01, 185.931, 192.806, 228.467, 246.848]","[0.628, 0.625, 0.592, 0.582, 0.465, 0.436, 0.433, 0.411, 0.294, 0.233]","[2.15, 1.739]","[['neutral'], ['contradiction'], ['neutral'], ['neutral'], ['neutral'], ['neutral'], ['neutral'], ['neutral'], ['neutral'], ['neutral']]","[['neutral'], ['neutral']]",Do Web-based and clinic samples of gay men living with HIV differ on self-reported physical and psychological symptoms?,67,"[213.735, 221.242, 185.62, 199.452, 153.189, 217.868, 178.349, 225.632, 206.701, 104.645, 0]","[0.624, 0.608, 0.681, 0.653, 0.747, 0.615, 0.696, 0.599, 0.638, 0.847, 0]","[0, 0, 0, 0, 0, 0, 0, 0, 0, 27.11, 25.87]","[0, 0, 0, 0, 0, 0, 0, 0, 0, 1.356, 1.293]","[0.997, 0.995, 0.99, 0.979, 0.976, 0.944, 0.912, 0.328, 0.125, 0.993, 0.118]","[1, 2, 4, 5, 6, 7, 8, 9, 10, 3, 2]",maybe,incorrect
210,211,10173769,"Yes, the Barthel index alone is not fully adequate; it serves as a proxy but other scales are needed for comprehensive outcome assessment.",yes,285.615,11,76,"[223.81, 259.714, 265.109, 290.243, 292.17, 299.597, 310.421, 313.973, 315.494]","[0.309, 0.191, 0.173, 0.091, 0.084, 0.06, 0.024, 0.013, 0.008]",[0.345],"[['neutral'], ['neutral'], ['contradiction'], ['neutral'], ['contradiction'], ['neutral'], ['neutral'], ['neutral'], ['neutral']]",[['neutral']],Longer term quality of life and outcome in stroke patients: is the Barthel index alone an adequate measure of outcome?,58,"[266.004, 260.615, 191.718, 250.137, 232.825, 222.597, 232.782, 253.623, 193.996]","[0.517, 0.528, 0.669, 0.549, 0.585, 0.605, 0.585, 0.542, 0.664]","[0, 0, 0, 0, 0, 0, 0, 0, 5.74]","[0, 0, 0, 0, 0, 0, 0, 0, 0.287]","[0.966, 0.947, 0.835, 0.797, 0.71, 0.621, 0.52, 0.118, 0.744]","[1, 2, 3, 4, 6, 7, 8, 9, 5]",yes,correct
211,212,20354380,"Yes, many women residents report delaying childbearing because they fear career setbacks, such as reduced training opportunities, increased complications, or interference with career plans.",yes,295.176,7,96,"[189.299, 278.159, 418.071]","[0.422, 0.13, -0.329]","[2.744, 0.586]","[['entailment'], ['neutral'], ['neutral']]","[['neutral'], ['neutral']]",Do women residents delay childbearing due to perceived career threats?,38,"[450.089, 234.861, 318.317]","[0.14, 0.58, 0.41]","[0, 5.33, 7.5]","[0, 0.266, 0.375]","[0.996, 0.994, 0.336]","[1, 2, 3]",yes,correct
212,213,9616411,"Yes, GP hospitals lower general hospital admissions and bed‑day utilisation, especially for common diagnoses such as cancer, stroke, fractures, and asthma.",yes,168.791,49,44,"[129.846, 139.06, 140.941, 141.421, 153.679, 174.605, 177.464, 194.94, 212.758, 223.192]","[0.618, 0.587, 0.581, 0.58, 0.539, 0.471, 0.461, 0.404, 0.345, 0.311]","[2.904, 1.733, 0.95]","[['neutral'], ['neutral'], ['contradiction'], ['neutral'], ['neutral'], ['neutral'], ['neutral'], ['neutral'], ['neutral'], ['neutral']]","[['neutral'], ['neutral'], ['neutral']]",Do general practitioner hospitals reduce the utilisation of general hospital beds?,58,"[259.68, 248.886, 240.897, 187.907, 185.45, 267.055, 260.124, 242.957, 216.311, 241.64]","[0.53, 0.552, 0.568, 0.676, 0.681, 0.515, 0.529, 0.564, 0.618, 0.567]","[0, 0, 0, 0, 0, 0, 0, 14.61, 14.08, 15.74]","[0, 0, 0, 0, 0, 0, 0, 0.73, 0.704, 0.787]","[0.995, 0.907, 0.773, 0.725, 0.537, 0.309, 0.299, 0.996, 0.992, 0.984]","[2, 5, 6, 7, 8, 9, 10, 1, 3, 4]",yes,correct
213,214,12484580,"Yes, written information sheets significantly improve patients’ recall of consent details for total hip arthroplasty.",yes,230.244,29,62,"[186.294, 190.362, 207.493, 215.249, 224.507, 229.527, 233.827, 243.923, 244.304, 249.676, 263.34, 274.429]","[0.432, 0.419, 0.363, 0.337, 0.307, 0.29, 0.276, 0.243, 0.242, 0.224, 0.179, 0.143]","[0.542, 0.515, 0.449]","[['neutral'], ['neutral'], ['neutral'], ['neutral'], ['neutral'], ['neutral'], ['neutral'], ['contradiction'], ['neutral'], ['neutral'], ['neutral'], ['neutral']]","[['neutral'], ['neutral'], ['neutral']]",Informed consent for total hip arthroplasty: does a written information sheet improve recall by patients?,56,"[247.111, 256.731, 226.136, 278.226, 283.205, 268.309, 248.199, 250.891, 241.903, 206.575, 199.032, 219.259]","[0.555, 0.536, 0.598, 0.492, 0.482, 0.512, 0.553, 0.548, 0.566, 0.638, 0.654, 0.612]","[0, 0, 0, 0, 0, 0, 0, 0, 0, 5.19, 5.03, 7.38]","[0, 0, 0, 0, 0, 0, 0, 0, 0, 0.26, 0.252, 0.369]","[0.957, 0.901, 0.854, 0.804, 0.477, 0.431, 0.336, 0.331, 0.263, 0.916, 0.73, 0.332]","[1, 3, 4, 5, 7, 8, 9, 11, 12, 2, 6, 10]",yes,correct
214,215,7664228,"No, earlier discharge did not adversely affect quality of care; readmission rates and post‑discharge physician visits remained unchanged.",no,273.49,15,83,"[257.569, 267.404, 273.837, 295.15]","[0.198, 0.166, 0.145, 0.075]","[0.795, 0.0, 0.0]","[['neutral'], ['entailment'], ['neutral'], ['neutral']]","[['neutral'], ['neutral'], ['neutral']]",Discharging patients earlier from Winnipeg hospitals: does it adversely affect quality of care?,45,"[285.969, 314.83, 301.797, 296.215, 0, 0, 0]","[0.476, 0.417, 0.444, 0.455, 0, 0, 0]","[0, 0, 0, 0, 4.32, 4.25, 3.18]","[0, 0, 0, 0, 0.216, 0.212, 0.159]","[0.993, 0.984, 0.647, 0.214, 0.575, 0.483, 0.146]","[1, 2, 3, 4, 1, 2, 3]",no,correct
215,216,22233470,"No, benefits are largely pro‑rich—especially in private‑for‑profit and inpatient care—so distribution does not align with need‑based universal coverage.",no,176.5,46,36,"[137.738, 152.344, 156.247, 164.594, 167.815, 176.272, 190.453, 220.781, 222.258]","[0.592, 0.544, 0.531, 0.504, 0.493, 0.465, 0.419, 0.319, 0.314]","[0.934, 0.36, 0.338]","[['neutral'], ['neutral'], ['neutral'], ['neutral'], ['neutral'], ['neutral'], ['neutral'], ['neutral'], ['neutral']]","[['neutral'], ['neutral'], ['contradiction']]",Does the distribution of health care benefits in Kenya meet the principles of universal coverage?,71,"[149.752, 237.873, 129.189, 198.937, 242.602, 143.601, 248.387, 53.643, 160.097, 0]","[0.754, 0.574, 0.796, 0.654, 0.565, 0.767, 0.553, 0.951, 0.733, 0]","[0, 0, 0, 0, 0, 0, 0, 24.9, 18.11, 18.08]","[0, 0, 0, 0, 0, 0, 0, 1.245, 0.906, 0.904]","[0.998, 0.992, 0.991, 0.972, 0.593, 0.57, 0.545, 0.991, 0.984, 0.976]","[1, 2, 4, 6, 7, 8, 9, 3, 5, 3]",no,correct
216,217,17971187,"No, family history does not reliably predict hyperlipidemia in children; the study found no significant association, so all children over 5 should be screened.",no,124.949,63,27,"[90.024, 97.222, 98.115, 128.071, 161.247, 175.017]","[0.749, 0.725, 0.722, 0.624, 0.515, 0.469]","[2.321, 0.832]","[['neutral'], ['neutral'], ['neutral'], ['neutral'], ['neutral'], ['neutral']]","[['neutral'], ['neutral']]",Cholesterol screening in school children: is family history reliable to choose the ones to screen?,65,"[220.068, 158.569, 271.687, 243.934, 222.436, 85.914]","[0.611, 0.736, 0.505, 0.562, 0.606, 0.885]","[0, 0, 0, 0, 16.11, 16.65]","[0, 0, 0, 0, 0.806, 0.833]","[0.993, 0.914, 0.679, 0.103, 0.964, 0.842]","[1, 3, 5, 6, 2, 4]",no,correct
217,218,25079920,"Yes, parents reliably recall that their child is overweight (≈97 %) after BMI screening, but they remember only about 39 % of the detailed information given, and their understanding of BMI concepts and related advice is generally poor.",yes,113.923,67,18,"[92.332, 92.749, 99.027, 101.431, 108.612, 109.046, 109.229, 111.567, 116.534, 129.831, 134.73, 137.806, 138.103]","[0.741, 0.74, 0.719, 0.711, 0.687, 0.686, 0.685, 0.678, 0.661, 0.618, 0.602, 0.592, 0.591]","[1.99, 1.794]","[['neutral'], ['contradiction'], ['neutral'], ['neutral'], ['neutral'], ['neutral'], ['neutral'], ['neutral'], ['neutral'], ['neutral'], ['neutral'], ['neutral'], ['neutral']]","[['neutral'], ['neutral']]",Do parents recall and understand children's weight status information after BMI screening?,71,"[167.924, 139.073, 162.168, 181.16, 200.163, 187.708, 195.125, 193.056, 192.124, 178.745, 182.732, 139.299, 124.937]","[0.717, 0.776, 0.729, 0.69, 0.651, 0.677, 0.662, 0.666, 0.668, 0.695, 0.687, 0.776, 0.805]","[0, 0, 0, 0, 0, 0, 0, 0, 0, 0, 0, 18.27, 17.17]","[0, 0, 0, 0, 0, 0, 0, 0, 0, 0, 0, 0.913, 0.858]","[0.997, 0.995, 0.995, 0.993, 0.993, 0.991, 0.991, 0.988, 0.978, 0.909, 0.676, 0.997, 0.991]","[2, 3, 4, 5, 6, 8, 9, 10, 11, 12, 13, 1, 7]",maybe,incorrect
218,219,17355582,"Yes, better ambulatory process of care is associated with improved health‑related quality of life outcomes in patients with chronic disease.",yes,193.534,41,45,"[128.749, 156.429, 161.473, 176.63, 189.373, 200.067, 212.224, 219.437, 240.986, 249.969]","[0.621, 0.53, 0.514, 0.464, 0.422, 0.387, 0.347, 0.323, 0.252, 0.223]","[1.504, 1.396, 1.297]","[['neutral'], ['neutral'], ['entailment'], ['neutral'], ['neutral'], ['neutral'], ['neutral'], ['neutral'], ['neutral'], ['neutral']]","[['neutral'], ['neutral'], ['neutral']]",Does ambulatory process of care predict health-related quality of life outcomes for patients with chronic disease?,65,"[187.714, 219.93, 197.291, 230.255, 162.14, 235.746, 235.664, 141.774, 197.465, 194.566]","[0.677, 0.611, 0.657, 0.59, 0.729, 0.579, 0.579, 0.771, 0.657, 0.663]","[0, 0, 0, 0, 0, 0, 0, 16.06, 16.45, 18.81]","[0, 0, 0, 0, 0, 0, 0, 0.803, 0.822, 0.94]","[0.988, 0.977, 0.973, 0.885, 0.852, 0.603, 0.526, 0.987, 0.94, 0.871]","[1, 3, 4, 6, 8, 9, 10, 2, 5, 7]",yes,correct
219,220,12419743,"No, survival is not superior; response rates are similar, but single‑agent mitoxantrone offers better quality of life.",no,191.25,42,32,"[133.153, 166.77, 172.902, 177.307, 237.413, 259.957]","[0.607, 0.496, 0.476, 0.462, 0.264, 0.19]","[1.951, 0.511]","[['neutral'], ['neutral'], ['contradiction'], ['neutral'], ['neutral'], ['neutral']]","[['neutral'], ['neutral']]",Is first-line single-agent mitoxantrone in the treatment of high-risk metastatic breast cancer patients as effective as combination chemotherapy?,79,"[114.17, 165.579, 146.773, 152.214, 108.079, 103.679]","[0.827, 0.722, 0.76, 0.749, 0.84, 0.849]","[0, 0, 0, 0, 25.03, 25.81]","[0, 0, 0, 0, 1.252, 1.29]","[0.994, 0.97, 0.337, 0.117, 0.993, 0.991]","[1, 4, 5, 6, 2, 3]",yes,incorrect
220,221,26163474,"Yes, sublingual varices are associated with hypertension (OR ≈ 2.25, sensitivity ≈ 0.48, specificity ≈ 0.82).",yes,107.081,69,7,"[73.328, 88.519, 92.041, 92.299, 93.485, 98.201, 112.283, 113.093, 153.713, 153.848]","[0.803, 0.753, 0.742, 0.741, 0.737, 0.722, 0.675, 0.673, 0.539, 0.539]","[1.505, 0.279, 0.264]","[['neutral'], ['neutral'], ['neutral'], ['neutral'], ['entailment'], ['neutral'], ['neutral'], ['contradiction'], ['neutral'], ['neutral']]","[['contradiction'], ['neutral'], ['neutral']]",Is there a connection between sublingual varices and hypertension?,83,"[107.252, 107.649, 122.636, 106.051, 119.606, 172.5, 159.695, 80.516, 102.387, 59.118]","[0.841, 0.84, 0.81, 0.844, 0.816, 0.708, 0.734, 0.896, 0.851, 0.94]","[0, 0, 0, 0, 0, 0, 0, 15.12, 16.3, 14.44]","[0, 0, 0, 0, 0, 0, 0, 0.756, 0.815, 0.722]","[0.996, 0.995, 0.995, 0.993, 0.984, 0.98, 0.971, 0.995, 0.99, 0.989]","[1, 3, 4, 5, 8, 9, 10, 2, 6, 7]",yes,correct
221,222,14968373,"No, CT cannot reliably predict the level of CSF block in tuberculous hydrocephalus; air‑encephalography remains the gold standard for distinguishing communicating from non‑communicating cases.",no,129.698,62,25,"[113.163, 117.845, 120.276, 122.317, 133.489, 171.095]","[0.673, 0.657, 0.649, 0.642, 0.606, 0.482]","[2.761, 1.528]","[['neutral'], ['neutral'], ['neutral'], ['entailment'], ['neutral'], ['neutral']]","[['neutral'], ['neutral']]",Can CT predict the level of CSF block in tuberculous hydrocephalus?,68,"[209.8, 220.679, 196.96, 200.484, 122.774, 175.566]","[0.632, 0.609, 0.658, 0.651, 0.81, 0.702]","[0, 0, 0, 0, 17.1, 16.88]","[0, 0, 0, 0, 0.855, 0.844]","[0.989, 0.967, 0.965, 0.95, 0.987, 0.714]","[1, 3, 4, 5, 2, 6]",yes,incorrect
222,223,8916748,"Yes, socioeconomic differences in mortality persist after retirement.",yes,262.662,18,78,"[237.05, 240.819, 249.552, 288.102, 297.787]","[0.265, 0.253, 0.224, 0.098, 0.066]",[],"[['contradiction'], ['entailment'], ['neutral'], ['contradiction'], ['contradiction']]",[],Do socioeconomic differences in mortality persist after retirement?,48,"[255.93, 317.176, 262.459, 302.761, 271.118]","[0.537, 0.412, 0.524, 0.442, 0.506]","[0, 0, 0, 0, 0]","[0, 0, 0, 0, 0]","[0.99, 0.984, 0.858, 0.838, 0.509]","[1, 2, 3, 4, 5]",yes,correct
223,224,16361634,"Yes, about 7% of women with synchronous endometrial and ovarian cancers meet clinical or molecular criteria for Lynch syndrome.",yes,110.869,68,13,"[90.496, 99.447, 111.657, 141.876]","[0.747, 0.718, 0.677, 0.578]",[1.749],"[['contradiction'], ['neutral'], ['neutral'], ['neutral']]",[['neutral']],Women with synchronous primary cancers of the endometrium and ovary: do they have Lynch syndrome?,76,"[163.911, 144.562, 144.852, 132.479]","[0.725, 0.765, 0.764, 0.79]","[0, 0, 0, 20.37]","[0, 0, 0, 1.019]","[0.864, 0.851, 0.432, 0.981]","[2, 3, 4, 1]",maybe,incorrect
224,225,20605051,"Yes, the study shows that adopting case‑mix reimbursement encourages hospitals to establish care programmes and use process‑oriented performance measures, fostering a process‑oriented delivery of care.",yes,141.91,58,12,"[102.35, 112.882, 118.967, 121.393, 123.968, 128.832, 132.811, 144.492, 144.781, 146.067, 146.254, 157.259, 167.606, 189.073, 191.911]","[0.708, 0.673, 0.653, 0.645, 0.637, 0.621, 0.608, 0.57, 0.569, 0.564, 0.564, 0.528, 0.494, 0.423, 0.414]","[2.845, 2.762, 0.721]","[['entailment'], ['neutral'], ['neutral'], ['neutral'], ['neutral'], ['neutral'], ['neutral'], ['entailment'], ['neutral'], ['neutral'], ['entailment'], ['neutral'], ['neutral'], ['neutral'], ['entailment']]","[['neutral'], ['neutral'], ['entailment']]",Does case-mix based reimbursement stimulate the development of process-oriented care delivery?,87,"[115.871, 78.389, 90.058, 99.549, 120.616, 93.919, 130.245, 75.87, 68.332, 98.865, 74.491, 96.552, 100.662, 91.445, 69.174]","[0.824, 0.9, 0.876, 0.857, 0.814, 0.869, 0.794, 0.905, 0.921, 0.858, 0.908, 0.863, 0.855, 0.874, 0.919]","[0, 0, 0, 0, 0, 0, 0, 0, 0, 0, 0, 0, 21.86, 22.73, 21.85]","[0, 0, 0, 0, 0, 0, 0, 0, 0, 0, 0, 0, 1.093, 1.136, 1.092]","[0.996, 0.994, 0.994, 0.994, 0.994, 0.993, 0.993, 0.991, 0.99, 0.99, 0.987, 0.985, 0.996, 0.992, 0.987]","[2, 3, 4, 5, 6, 7, 8, 10, 11, 12, 14, 15, 1, 9, 13]",yes,correct
225,226,24614851,"Yes, spinal‑cord signs (T2‑high signal on MRI and pyramidal‑tract sign) predict poorer neurological outcomes in cervical spondylotic amyotrophy.",yes,167.913,49,32,"[131.768, 147.837, 165.111, 178.615, 189.46, 194.689]","[0.611, 0.559, 0.502, 0.457, 0.422, 0.405]",[1.124],"[['contradiction'], ['neutral'], ['entailment'], ['neutral'], ['neutral'], ['neutral']]",[['neutral']],Prognostic factors for cervical spondylotic amyotrophy: are signs of spinal cord involvement associated with the neurological prognosis?,73,"[177.911, 189.204, 158.641, 167.565, 131.219, 137.902]","[0.697, 0.674, 0.736, 0.718, 0.792, 0.779]","[0, 0, 0, 0, 0, 22.37]","[0, 0, 0, 0, 0, 1.118]","[0.961, 0.691, 0.502, 0.242, 0.11, 0.177]","[1, 2, 3, 4, 6, 5]",yes,correct
226,227,26965932,"Maybe, DES (E‑ZES) still shows lower ischemic events and stent‑thrombosis rates than BMS, even with short DAPT, but BMS can be justified in selected high‑bleeding‑risk patients where the bleeding risk outweighs the ischemic benefit.",maybe,196.448,40,87,"[169.379, 183.22, 193.945, 207.039, 210.648, 214.455]","[0.488, 0.442, 0.407, 0.364, 0.352, 0.34]",[1.923],"[['neutral'], ['neutral'], ['neutral'], ['neutral'], ['neutral'], ['neutral']]",[['neutral']],Is Bare-Metal Stent Implantation Still Justifiable in High Bleeding Risk Patients Undergoing Percutaneous Coronary Intervention?,16,"[432.95, 466.369, 460.315, 454.04, 453.59, 302.553]","[0.175, 0.107, 0.12, 0.132, 0.133, 0.442]","[0, 0, 0, 0, 0, 24.55]","[0, 0, 0, 0, 0, 1.228]","[0.985, 0.75, 0.607, 0.173, 0.159, 0.995]","[2, 5, 6, 7, 8, 1]",yes,incorrect
227,228,19711462,"Maybe, web‑based systems can standardise care, but uptake hinges on infrastructure, clinician attitudes, and hospital policies.",maybe,210.216,35,52,"[127.311, 157.05, 182.512, 183.28, 196.108, 228.22, 253.797, 274.235, 289.428]","[0.626, 0.528, 0.445, 0.442, 0.4, 0.294, 0.21, 0.143, 0.093]",[1.387],"[['neutral'], ['neutral'], ['entailment'], ['neutral'], ['neutral'], ['neutral'], ['neutral'], ['neutral'], ['neutral']]",[['neutral']],Standardizing care in medical oncology: are Web-based systems the answer?,63,"[226.782, 232.321, 208.168, 222.199, 227.497, 230.477, 238.906, 162.567, 140.847]","[0.597, 0.586, 0.635, 0.606, 0.595, 0.589, 0.572, 0.728, 0.773]","[0, 0, 0, 0, 0, 0, 0, 0, 17.05]","[0, 0, 0, 0, 0, 0, 0, 0, 0.853]","[0.996, 0.95, 0.858, 0.825, 0.745, 0.4, 0.237, 0.13, 0.991]","[1, 3, 4, 5, 6, 7, 8, 9, 2]",maybe,correct
228,229,28196511,"No, SSA is not yet ready to manage the increased burden of ART‑related adverse effects under the WHO “test and treat” policy; urgent system strengthening and data collection are required.",no,197.131,40,57,"[177.304, 189.948, 198.748, 206.689, 212.967]","[0.462, 0.42, 0.391, 0.365, 0.345]",[2.375],"[['neutral'], ['neutral'], ['neutral'], ['neutral'], ['neutral']]",[['neutral']],"Antiretroviral therapy related adverse effects: Can sub-Saharan Africa cope with the new ""test and treat"" policy of the World Health Organization?",52,"[272.573, 232.287, 283.236, 263.411, 268.639, 0]","[0.503, 0.586, 0.482, 0.522, 0.511, 0]","[0, 0, 0, 0, 0, 19.51]","[0, 0, 0, 0, 0, 0.975]","[0.994, 0.867, 0.831, 0.502, 0.108, 0.134]","[1, 2, 3, 4, 5, 1]",no,correct
229,230,24591144,"Yes, elderly patients with oropharyngeal carcinoma are undertreated—fewer receive aggressive therapy, yet they gain similar survival benefits when treated.",yes,146.612,56,32,"[89.568, 109.622, 135.295, 139.186, 139.465, 142.389, 159.375, 164.496, 189.77, 196.955]","[0.75, 0.684, 0.6, 0.587, 0.586, 0.576, 0.521, 0.504, 0.421, 0.397]","[1.974, 1.596, 0.321]","[['neutral'], ['neutral'], ['neutral'], ['neutral'], ['neutral'], ['neutral'], ['neutral'], ['neutral'], ['neutral'], ['neutral']]","[['neutral'], ['neutral'], ['neutral']]",Are the elderly with oropharyngeal carcinoma undertreated?,65,"[200.025, 214.105, 200.339, 245.141, 232.181, 238.476, 183.742, 159.329, 173.097, 154.216]","[0.652, 0.623, 0.651, 0.559, 0.586, 0.573, 0.685, 0.735, 0.707, 0.745]","[0, 0, 0, 0, 0, 0, 0, 11.63, 8.1, 8.32]","[0, 0, 0, 0, 0, 0, 0, 0.582, 0.405, 0.416]","[0.99, 0.985, 0.98, 0.979, 0.977, 0.946, 0.82, 0.988, 0.92, 0.213]","[1, 3, 4, 5, 6, 7, 9, 2, 8, 10]",maybe,incorrect
230,231,25752725,"Yes, evidence indicates that schizophrenia patients with exceptionally high pre‑morbid IQ differ clinically—showing more affective, fewer negative symptoms, better insight and functioning—supporting a distinct subtype, often termed “superphrenia.”",yes,144.89,57,27,"[99.067, 108.939, 128.598, 133.071, 157.126, 157.646, 169.504, 174.12, 175.941]","[0.719, 0.686, 0.622, 0.607, 0.528, 0.526, 0.487, 0.472, 0.466]",[0.767],"[['neutral'], ['neutral'], ['entailment'], ['neutral'], ['neutral'], ['entailment'], ['entailment'], ['neutral'], ['entailment']]",[['entailment']],Schizophrenia patients with high intelligence: A clinically distinct sub-type of schizophrenia?,71,"[184.726, 200.066, 143.606, 179.266, 206.215, 162.699, 160.139, 190.117, 133.679]","[0.683, 0.652, 0.767, 0.694, 0.639, 0.728, 0.733, 0.672, 0.787]","[0, 0, 0, 0, 0, 0, 0, 0, 17.52]","[0, 0, 0, 0, 0, 0, 0, 0, 0.876]","[0.989, 0.968, 0.964, 0.924, 0.721, 0.456, 0.353, 0.349, 0.883]","[1, 2, 3, 4, 6, 7, 8, 9, 5]",yes,correct
231,232,24606627,"Yes, remote physician‑examiners can participate in OSCEs. In the study, remote examiners scored students in six reOSCE stations with significant correlations to local examiners (r = 0.41–0.80 for checklists, r = 0.21–0.77 for global ratings). Students and remote examiners reported high acceptance, indicating feasibility.",yes,148.275,56,29,"[93.505, 98.903, 129.725, 133.544, 148.663, 169.804, 184.843, 227.213]","[0.737, 0.719, 0.618, 0.606, 0.556, 0.486, 0.437, 0.298]","[4.302, 2.991, 2.702]","[['neutral'], ['neutral'], ['neutral'], ['neutral'], ['neutral'], ['neutral'], ['neutral'], ['neutral']]","[['neutral'], ['neutral'], ['neutral']]",The objective structured clinical examination: can physician-examiners participate from a distance?,69,"[213.75, 200.92, 217.521, 189.592, 226.549, 158.597, 66.442, 188.687]","[0.624, 0.65, 0.616, 0.673, 0.597, 0.736, 0.925, 0.675]","[0, 0, 0, 0, 0, 10.74, 17.93, 12.19]","[0, 0, 0, 0, 0, 0.537, 0.896, 0.609]","[0.989, 0.986, 0.976, 0.941, 0.343, 0.991, 0.98, 0.139]","[2, 3, 5, 6, 7, 1, 4, 8]",yes,correct
232,233,20629769,"Yes, primary angioplasty is an acceptable alternative to thrombolysis, with overall high patient and carer satisfaction and some advantages in speed of treatment, despite minor inconvenience for carers.",yes,125.095,63,26,"[90.797, 95.578, 118.549, 157.359, 163.193]","[0.746, 0.73, 0.655, 0.527, 0.508]","[2.374, 1.041, 0.588]","[['neutral'], ['neutral'], ['neutral'], ['neutral'], ['neutral']]","[['neutral'], ['neutral'], ['neutral']]",Is primary angioplasty an acceptable alternative to thrombolysis?,66,"[224.571, 233.673, 198.555, 169.686, 151.217, 0]","[0.601, 0.583, 0.655, 0.714, 0.751, 0]","[0, 0, 0, 11.07, 12.31, 7.63]","[0, 0, 0, 0.553, 0.615, 0.381]","[0.994, 0.946, 0.674, 0.992, 0.979, 0.145]","[1, 4, 5, 2, 3, 3]",yes,correct
233,234,23149821,"Maybe, screening HIV‑infected patients with gated myocardial perfusion SPECT could be considered for those at high cardiovascular risk, as the study found a low but notable prevalence of silent myocardial ischemia.",maybe,141.029,58,19,"[62.786, 116.407, 128.907, 157.093, 177.036, 203.946]","[0.838, 0.662, 0.621, 0.528, 0.463, 0.374]","[2.419, 0.893]","[['entailment'], ['neutral'], ['contradiction'], ['contradiction'], ['entailment'], ['neutral']]","[['entailment'], ['neutral']]",Should HIV-infected patients be screened for silent myocardial ischaemia using gated myocardial perfusion SPECT?,79,"[169.892, 127.138, 191.216, 175.485, 80.84, 46.729]","[0.713, 0.801, 0.67, 0.702, 0.895, 0.965]","[0, 0, 0, 0, 27.33, 31.71]","[0, 0, 0, 0, 1.366, 1.586]","[0.835, 0.469, 0.265, 0.149, 0.886, 0.522]","[2, 4, 5, 6, 1, 3]",maybe,correct
234,235,11483547,"No, aggressive use of polyvalent antivenin for rattlesnake bites did not cause serious acute side effects; only mild urticaria occurred in 18% of patients.",no,124.686,63,17,"[89.838, 100.079, 184.142]","[0.749, 0.715, 0.439]",[1.382],"[['neutral'], ['contradiction'], ['neutral']]",[['neutral']],Does the aggressive use of polyvalent antivenin for rattlesnake bites result in serious acute side effects?,77,"[141.199, 192.601, 87.103]","[0.772, 0.667, 0.882]","[0, 0, 21.61]","[0, 0, 1.08]","[0.993, 0.969, 0.499]","[1, 2, 3]",no,correct
235,236,26209118,"No, unenhanced fat‑suppressed T1‑weighted MRI does not reliably distinguish bone infarcts from acute osteomyelitis in children with sickle cell disease; high marrow signal appears in both, and other unenhanced MRI parameters are not discriminative.",no,109.173,69,7,"[64.192, 88.964, 94.003, 106.811, 121.72, 126.41, 129.107, 142.179]","[0.833, 0.752, 0.735, 0.693, 0.644, 0.629, 0.62, 0.577]","[3.228, 2.753]","[['neutral'], ['entailment'], ['neutral'], ['neutral'], ['neutral'], ['neutral'], ['neutral'], ['neutral']]","[['neutral'], ['neutral']]",Utility of unenhanced fat-suppressed T1-weighted MRI in children with sickle cell disease -- can it differentiate bone infarcts from acute osteomyelitis?,83,"[129.371, 146.677, 140.844, 78.282, 78.596, 129.329, 39.482, 158.085]","[0.796, 0.761, 0.773, 0.901, 0.9, 0.796, 0.98, 0.737]","[0, 0, 0, 0, 0, 0, 43.54, 34.29]","[0, 0, 0, 0, 0, 0, 2.177, 1.714]","[0.986, 0.978, 0.768, 0.736, 0.696, 0.146, 0.912, 0.552]","[1, 2, 4, 5, 6, 8, 3, 7]",no,correct
236,237,21848798,"Yes, Golytely yields a higher adenoma detection rate (26.2% vs. 16.1% for MiraLAX) and the multivariate analysis shows this difference is statistically significant (OR ≈ 2.3, P ≈ 0.04).",yes,158.092,52,43,"[119.149, 123.119, 133.255, 141.217, 149.32, 164.601, 168.915, 173.61, 183.085, 186.889, 195.848]","[0.653, 0.64, 0.606, 0.58, 0.554, 0.503, 0.489, 0.474, 0.443, 0.43, 0.401]","[2.264, 1.468, 0.941]","[['entailment'], ['neutral'], ['neutral'], ['contradiction'], ['neutral'], ['entailment'], ['neutral'], ['neutral'], ['neutral'], ['neutral'], ['neutral']]","[['neutral'], ['neutral'], ['neutral']]",MiraLAX vs. Golytely: is there a significant difference in the adenoma detection rate?,56,"[260.096, 248.134, 277.293, 251.598, 281.715, 264.387, 263.286, 256.985, 267.743, 97.297, 245.962]","[0.529, 0.553, 0.494, 0.546, 0.485, 0.52, 0.522, 0.535, 0.513, 0.862, 0.558]","[0, 0, 0, 0, 0, 0, 0, 0, 16.69, 17.7, 17.91]","[0, 0, 0, 0, 0, 0, 0, 0, 0.834, 0.885, 0.896]","[0.993, 0.992, 0.992, 0.96, 0.859, 0.683, 0.25, 0.145, 0.996, 0.97, 0.962]","[2, 3, 4, 7, 8, 9, 10, 11, 1, 5, 6]",yes,correct
237,238,27549226,"Yes, MPH graduates report enhanced leadership, policy advocacy, and management skills that translate into improved health service delivery, workforce capacity, and system reforms in low‑ and middle‑income countries.",yes,165.131,50,41,"[109.027, 138.005, 143.17, 179.958, 192.942, 227.683]","[0.686, 0.591, 0.574, 0.453, 0.41, 0.296]","[2.124, 1.062]","[['neutral'], ['neutral'], ['neutral'], ['neutral'], ['neutral'], ['neutral']]","[['neutral'], ['neutral']]",Impact of MPH programs: contributing to health system strengthening in low- and middle-income countries?,61,"[271.395, 79.751, 250.375, 239.465, 235.206, 253.635]","[0.506, 0.898, 0.549, 0.571, 0.58, 0.542]","[0, 0, 0, 0, 16.05, 15.36]","[0, 0, 0, 0, 0.803, 0.768]","[0.977, 0.915, 0.625, 0.262, 0.984, 0.785]","[2, 3, 5, 6, 1, 4]",yes,correct
238,239,26516021,"Yes, evidence-based practice improves patient outcomes.",yes,188.227,43,45,"[150.671, 157.864, 166.187, 176.097, 181.476, 187.375, 193.373, 207.631, 273.368]","[0.549, 0.526, 0.498, 0.466, 0.448, 0.429, 0.409, 0.362, 0.146]","[0.781, 0.761, 0.442]","[['neutral'], ['neutral'], ['neutral'], ['neutral'], ['neutral'], ['neutral'], ['neutral'], ['neutral'], ['neutral']]","[['neutral'], ['neutral'], ['neutral']]",Does evidence-based practice improve patient outcomes?,63,"[182.631, 233.219, 204.233, 197.338, 181.217, 295.823, 222.893, 190.143, 175.299]","[0.687, 0.584, 0.643, 0.657, 0.69, 0.456, 0.605, 0.672, 0.702]","[0, 0, 0, 0, 0, 0, 7.84, 9.27, 10.96]","[0, 0, 0, 0, 0, 0, 0.392, 0.463, 0.548]","[0.996, 0.996, 0.994, 0.992, 0.987, 0.589, 0.994, 0.988, 0.98]","[1, 2, 3, 5, 7, 9, 4, 6, 8]",yes,correct
239,240,23736032,"Yes, the study shows that the vast majority of breast‑cancer patients receive the treatment decided at MDT meetings; only about 17.8 % of discordant decisions were unjustifiable, with most changes due to patient choice or new information.",yes,156.271,53,29,"[112.447, 116.103, 120.892, 143.29, 158.905, 184.579, 206.623, 207.332]","[0.675, 0.663, 0.647, 0.574, 0.522, 0.438, 0.365, 0.363]",[0.988],"[['neutral'], ['entailment'], ['contradiction'], ['neutral'], ['neutral'], ['neutral'], ['neutral'], ['neutral']]",[['entailment']],Multidisciplinary decisions in breast cancer: does the patient receive what the team has recommended?,72,"[186.063, 178.875, 187.515, 159.516, 183.51, 190.11, 185.853, 71.119]","[0.68, 0.695, 0.677, 0.734, 0.685, 0.672, 0.681, 0.915]","[0, 0, 0, 0, 0, 0, 0, 16.93]","[0, 0, 0, 0, 0, 0, 0, 0.847]","[0.99, 0.989, 0.982, 0.904, 0.74, 0.608, 0.228, 0.961]","[1, 2, 3, 5, 6, 7, 8, 4]",yes,correct
240,241,23002947,"No, feeding tube insertion and its timing do not improve survival.",no,172.151,48,38,"[155.262, 156.116, 156.334, 158.768, 159.132, 159.194, 175.107, 184.113, 187.01, 193.886, 208.741]","[0.534, 0.531, 0.531, 0.523, 0.521, 0.521, 0.469, 0.439, 0.43, 0.407, 0.358]","[1.069, 0.727]","[['neutral'], ['neutral'], ['neutral'], ['neutral'], ['neutral'], ['neutral'], ['neutral'], ['neutral'], ['neutral'], ['neutral'], ['neutral']]","[['neutral'], ['neutral']]",Does feeding tube insertion and its timing improve survival?,66,"[181.833, 199.854, 180.823, 213.309, 213.116, 221.606, 223.441, 171.07, 182.235, 196.055, 166.267]","[0.689, 0.652, 0.691, 0.624, 0.625, 0.608, 0.604, 0.711, 0.688, 0.66, 0.721]","[0, 0, 0, 0, 0, 0, 0, 0, 0, 15.7, 14.98]","[0, 0, 0, 0, 0, 0, 0, 0, 0, 0.785, 0.749]","[0.995, 0.992, 0.989, 0.984, 0.974, 0.974, 0.896, 0.598, 0.355, 0.997, 0.995]","[3, 4, 5, 6, 7, 8, 9, 10, 11, 1, 2]",no,correct
241,242,15053041,"Yes, isoproterenol‑induced heart‑rate increases acutely reduce aortic stiffness in hypertensive patients.",yes,,,,,,,,,Do acute changes in heart rate by isoproterenol affect aortic stiffness in patients with hypertension?,-6,[],[],[],[],[],[],no,incorrect
242,243,24751724,"Yes, studies show BAME groups are more likely to die in hospitals and less likely at home or hospice compared to UK‑born or European‑born patients.",yes,198.156,39,47,"[132.834, 137.592, 154.682, 200.058, 203.116, 203.432, 208.771, 212.872, 213.353, 214.499, 216.885, 218.981, 228.439, 228.665]","[0.608, 0.592, 0.536, 0.387, 0.377, 0.376, 0.358, 0.345, 0.343, 0.34, 0.332, 0.325, 0.294, 0.293]","[4.803, 0.475]","[['neutral'], ['contradiction'], ['contradiction'], ['neutral'], ['neutral'], ['neutral'], ['neutral'], ['neutral'], ['neutral'], ['contradiction'], ['neutral'], ['neutral'], ['contradiction'], ['contradiction']]","[['neutral'], ['contradiction']]",Does ethnicity affect where people with cancer die?,64,"[215.633, 210.37, 224.737, 218.985, 178.392, 206.368, 228.465, 174.237, 209.53, 214.134, 216.362, 168.678, 227.315, 219.834, 0, 0]","[0.62, 0.63, 0.601, 0.613, 0.696, 0.639, 0.593, 0.704, 0.632, 0.623, 0.618, 0.716, 0.596, 0.611, 0, 0]","[0, 0, 0, 0, 0, 0, 0, 0, 0, 0, 0, 0, 0, 0, 9.76, 9.35]","[0, 0, 0, 0, 0, 0, 0, 0, 0, 0, 0, 0, 0, 0, 0.488, 0.468]","[0.998, 0.997, 0.997, 0.996, 0.994, 0.992, 0.992, 0.988, 0.985, 0.977, 0.94, 0.667, 0.203, 0.102, 0.996, 0.964]","[1, 2, 3, 4, 5, 6, 7, 8, 9, 10, 11, 12, 13, 14, 1, 2]",yes,correct
243,244,21368683,"Yes, patients with serious mental illness are more likely to be admitted to nursing homes with higher deficiency citations for overall and health‑related care.",yes,128.445,62,17,"[59.806, 76.903, 118.802, 121.345, 125.775, 128.426, 135.452, 143.207, 153.831, 155.096, 159.734, 162.96]","[0.848, 0.792, 0.654, 0.646, 0.631, 0.622, 0.599, 0.574, 0.539, 0.535, 0.519, 0.509]","[2.349, 1.352, 0.879]","[['neutral'], ['neutral'], ['neutral'], ['entailment'], ['neutral'], ['contradiction'], ['neutral'], ['neutral'], ['neutral'], ['neutral'], ['neutral'], ['neutral']]","[['neutral'], ['neutral'], ['neutral']]",Are patients with serious mental illness more likely to be admitted to nursing homes with more deficiencies in care?,78,"[142.985, 165.274, 130.811, 132.911, 121.323, 167.276, 146.756, 166.154, 159.441, 108.71, 134.168, 50.828]","[0.768, 0.723, 0.793, 0.789, 0.813, 0.719, 0.761, 0.721, 0.735, 0.838, 0.786, 0.957]","[0, 0, 0, 0, 0, 0, 0, 0, 0, 23.42, 20.42, 23.13]","[0, 0, 0, 0, 0, 0, 0, 0, 0, 1.171, 1.021, 1.157]","[0.996, 0.995, 0.994, 0.992, 0.991, 0.989, 0.983, 0.978, 0.126, 0.993, 0.97, 0.893]","[1, 2, 3, 5, 6, 7, 8, 9, 12, 4, 10, 11]",yes,correct
244,245,16713745,"Yes, IL‑8 levels in pancreatic juice reliably distinguish a normal pancreas from chronic pancreatitis or pancreatic cancer, though they do not differentiate between the two disease states.",yes,128.505,62,18,"[99.003, 99.481, 121.686, 129.288, 136.251, 140.9, 172.927]","[0.719, 0.717, 0.644, 0.62, 0.597, 0.581, 0.476]","[4.037, 1.44]","[['contradiction'], ['neutral'], ['contradiction'], ['neutral'], ['neutral'], ['neutral'], ['neutral']]","[['neutral'], ['neutral']]",Do cytokine concentrations in pancreatic juice predict the presence of pancreatic diseases?,76,"[127.029, 170.866, 131.048, 168.794, 170.701, 107.41, 139.844]","[0.801, 0.711, 0.793, 0.715, 0.712, 0.841, 0.775]","[0, 0, 0, 0, 0, 19.62, 23.57]","[0, 0, 0, 0, 0, 0.981, 1.178]","[0.992, 0.99, 0.986, 0.926, 0.346, 0.972, 0.874]","[1, 2, 3, 5, 7, 4, 6]",yes,correct
245,246,24669960,"No, sex does not influence rt‑PA effectiveness.",no,312.897,2,70,"[243.096, 261.435, 261.541, 268.694, 277.133, 297.786, 305.181, 325.078, 327.522, 343.895, 344.432, 346.969, 347.698, 366.702, 376.292]","[0.246, 0.185, 0.185, 0.161, 0.134, 0.066, 0.042, -0.024, -0.032, -0.086, -0.087, -0.096, -0.098, -0.161, -0.192]","[0.815, 0.715, 0.289]","[['neutral'], ['neutral'], ['contradiction'], ['contradiction'], ['neutral'], ['neutral'], ['neutral'], ['contradiction'], ['neutral'], ['neutral'], ['neutral'], ['contradiction'], ['contradiction'], ['neutral'], ['neutral']]","[['contradiction'], ['neutral'], ['neutral']]",Does the sex of acute stroke patients influence the effectiveness of rt-PA?,74,"[183.535, 120.488, 173.114, 191.553, 128.89, 165.51, 189.836, 127.208, 181.131, 156.106, 177.523, 185.17, 150.408, 52.632, 138.772]","[0.685, 0.814, 0.707, 0.669, 0.797, 0.722, 0.672, 0.8, 0.69, 0.741, 0.698, 0.682, 0.753, 0.953, 0.777]","[0, 0, 0, 0, 0, 0, 0, 0, 0, 0, 0, 0, 12.56, 16.01, 12.45]","[0, 0, 0, 0, 0, 0, 0, 0, 0, 0, 0, 0, 0.628, 0.801, 0.623]","[0.997, 0.996, 0.995, 0.994, 0.993, 0.993, 0.991, 0.99, 0.987, 0.948, 0.936, 0.216, 0.993, 0.99, 0.985]","[1, 2, 3, 4, 5, 7, 8, 10, 11, 13, 14, 15, 6, 9, 12]",no,correct
246,247,8738894,"Maybe, the study shows a moderately increased diabetes risk (MH‑OR ≈ 1.2–1.8) among glass workers potentially exposed to arsenic, especially when combined with cardiovascular disease, but the evidence is not definitive.",maybe,108.673,69,13,"[74.726, 94.919, 156.373]","[0.799, 0.732, 0.531]",[1.019],"[['neutral'], ['contradiction'], ['neutral']]",[['neutral']],Diabetes mellitus among Swedish art glass workers--an effect of arsenic exposure?,75,"[201.674, 150.485, 100.538]","[0.648, 0.753, 0.855]","[0, 0, 21.68]","[0, 0, 1.084]","[0.988, 0.958, 0.694]","[1, 2, 3]",no,incorrect
247,248,24671913,"Yes, the SYNTAX score predicts in‑hospital outcomes (no‑reflow, mortality, reinfarction, and LV function) in STEMI patients undergoing primary PCI.",yes,216.537,33,47,"[143.69, 184.965, 203.416, 218.66, 219.77, 221.661, 248.815, 252.193, 255.66]","[0.572, 0.437, 0.376, 0.326, 0.322, 0.316, 0.227, 0.216, 0.204]","[0.865, 0.84]","[['neutral'], ['neutral'], ['neutral'], ['neutral'], ['neutral'], ['neutral'], ['neutral'], ['neutral'], ['neutral']]","[['neutral'], ['neutral']]",Does SYNTAX score predict in-hospital outcomes in patients with ST elevation myocardial infarction undergoing primary percutaneous coronary intervention?,71,"[193.369, 201.977, 203.627, 88.961, 183.363, 216.553, 132.444, 178.865, 152.108]","[0.665, 0.648, 0.644, 0.879, 0.686, 0.618, 0.79, 0.695, 0.75]","[0, 0, 0, 0, 0, 0, 0, 27.93, 25.61]","[0, 0, 0, 0, 0, 0, 0, 1.396, 1.281]","[0.992, 0.992, 0.987, 0.982, 0.878, 0.63, 0.191, 0.975, 0.645]","[1, 2, 3, 4, 6, 8, 9, 5, 7]",yes,correct
248,249,23598835,"No, severe pain immediately after spinal augmentation does not predict worse long‑term outcomes.",no,216.537,33,47,"[143.69, 184.965, 203.416, 218.66, 219.77, 221.661, 248.815, 252.193, 255.66]","[0.572, 0.437, 0.376, 0.326, 0.322, 0.316, 0.227, 0.216, 0.204]","[0.865, 0.84]","[['neutral'], ['neutral'], ['neutral'], ['neutral'], ['neutral'], ['neutral'], ['neutral'], ['neutral'], ['neutral']]","[['neutral'], ['neutral']]",Is severe pain immediately after spinal augmentation a predictor of long-term outcomes?,72,"[113.022, 199.006, 207.264, 165.842, 156.914, 202.634, 116.29, 211.921, 117.511, 188.333, 0]","[0.829, 0.654, 0.637, 0.722, 0.74, 0.646, 0.823, 0.627, 0.82, 0.676, 0]","[0, 0, 0, 0, 0, 0, 0, 0, 21.76, 19.65, 18.68]","[0, 0, 0, 0, 0, 0, 0, 0, 1.088, 0.983, 0.934]","[0.989, 0.988, 0.984, 0.964, 0.951, 0.74, 0.271, 0.268, 0.994, 0.827, 0.971]","[2, 3, 4, 5, 6, 8, 9, 10, 1, 7, 2]",no,correct
249,250,10834864,"No, antiphospholipid antibodies were not linked to increased AVN risk in SLE after adjusting for steroid exposure; corticosteroid use remains the primary risk factor.",no,216.537,33,47,"[143.69, 184.965, 203.416, 218.66, 219.77, 221.661, 248.815, 252.193, 255.66]","[0.572, 0.437, 0.376, 0.326, 0.322, 0.316, 0.227, 0.216, 0.204]","[0.865, 0.84]","[['neutral'], ['neutral'], ['neutral'], ['neutral'], ['neutral'], ['neutral'], ['neutral'], ['neutral'], ['neutral']]","[['neutral'], ['neutral']]",Risk factors for avascular necrosis of bone in patients with systemic lupus erythematosus: is there a role for antiphospholipid antibodies?,73,"[212.746, 165.93, 158.496, 190.786, 124.114, 121.989]","[0.626, 0.721, 0.737, 0.671, 0.807, 0.811]","[0, 0, 0, 0, 26.05, 28.16]","[0, 0, 0, 0, 1.303, 1.408]","[0.988, 0.475, 0.339, 0.233, 0.857, 0.278]","[1, 3, 4, 6, 2, 5]",no,correct
250,251,25521278,"Yes, plate clearing is associated with higher BMI and may be a risk factor for obesity.",yes,216.537,33,47,"[143.69, 184.965, 203.416, 218.66, 219.77, 221.661, 248.815, 252.193, 255.66]","[0.572, 0.437, 0.376, 0.326, 0.322, 0.316, 0.227, 0.216, 0.204]","[0.865, 0.84]","[['neutral'], ['neutral'], ['neutral'], ['neutral'], ['neutral'], ['neutral'], ['neutral'], ['neutral'], ['neutral']]","[['neutral'], ['neutral']]",Is plate clearing a risk factor for obesity?,72,"[226.473, 191.547, 157.327, 112.951, 150.411, 0]","[0.598, 0.669, 0.739, 0.83, 0.753, 0]","[0, 0, 0, 0, 8.85, 8.28]","[0, 0, 0, 0, 0.442, 0.414]","[0.991, 0.987, 0.57, 0.432, 0.993, 0.963]","[2, 3, 4, 5, 1, 2]",yes,correct
251,252,23422012,"Maybe, it appears to be institution‑specific rather than a global trend; each center should monitor its own MRSA vancomycin MICs.",maybe,216.537,33,47,"[143.69, 184.965, 203.416, 218.66, 219.77, 221.661, 248.815, 252.193, 255.66]","[0.572, 0.437, 0.376, 0.326, 0.322, 0.316, 0.227, 0.216, 0.204]","[0.865, 0.84]","[['neutral'], ['neutral'], ['neutral'], ['neutral'], ['neutral'], ['neutral'], ['neutral'], ['neutral'], ['neutral']]","[['neutral'], ['neutral']]",Is vancomycin MIC creep a worldwide phenomenon?,67,"[188.684, 186.367, 159.485, 203.883, 265.826, 246.213, 88.322, 0]","[0.675, 0.68, 0.735, 0.644, 0.517, 0.557, 0.88, 0]","[0, 0, 0, 0, 0, 0, 19.8, 14.79]","[0, 0, 0, 0, 0, 0, 0.99, 0.74]","[0.991, 0.985, 0.967, 0.584, 0.308, 0.269, 0.993, 0.854]","[2, 3, 4, 5, 6, 7, 1, 2]",no,incorrect
252,253,24577079,"No, strategy training improved older adults’ WM recall but did not substantially reduce the age‑related deficit.",no,216.537,33,47,"[143.69, 184.965, 203.416, 218.66, 219.77, 221.661, 248.815, 252.193, 255.66]","[0.572, 0.437, 0.376, 0.326, 0.322, 0.316, 0.227, 0.216, 0.204]","[0.865, 0.84]","[['neutral'], ['neutral'], ['neutral'], ['neutral'], ['neutral'], ['neutral'], ['neutral'], ['neutral'], ['neutral']]","[['neutral'], ['neutral']]",Does strategy training reduce age-related deficits in working memory?,76,"[120.116, 153.888, 140.88, 165.428, 144.946, 153.489, 0]","[0.815, 0.746, 0.773, 0.722, 0.764, 0.747, 0]","[0, 0, 0, 0, 0, 13.74, 16.7]","[0, 0, 0, 0, 0, 0.687, 0.835]","[0.991, 0.987, 0.74, 0.441, 0.407, 0.991, 0.912]","[1, 3, 4, 5, 6, 2, 1]",no,correct
253,254,12848629,"Yes, 9 months of chemotherapy is sufficient for tuberculous enterocolitis, with no recurrence observed in the study.",yes,216.537,33,47,"[143.69, 184.965, 203.416, 218.66, 219.77, 221.661, 248.815, 252.193, 255.66]","[0.572, 0.437, 0.376, 0.326, 0.322, 0.316, 0.227, 0.216, 0.204]","[0.865, 0.84]","[['neutral'], ['neutral'], ['neutral'], ['neutral'], ['neutral'], ['neutral'], ['neutral'], ['neutral'], ['neutral']]","[['neutral'], ['neutral']]",Is a 9-month treatment sufficient in tuberculous enterocolitis?,76,"[151.56, 95.102, 174.7, 210.083, 121.315, 176.829, 215.897, 97.409, 114.556, 110.021]","[0.751, 0.866, 0.703, 0.631, 0.813, 0.699, 0.619, 0.861, 0.826, 0.836]","[0, 0, 0, 0, 0, 0, 0, 10.94, 11.23, 10.36]","[0, 0, 0, 0, 0, 0, 0, 0.547, 0.562, 0.518]","[0.995, 0.993, 0.974, 0.904, 0.899, 0.621, 0.142, 0.992, 0.934, 0.863]","[1, 2, 4, 6, 7, 9, 10, 3, 5, 8]",yes,correct
254,255,22849512,"Yes, neighbourhood social capital is positively associated with sports participation, but availability of sports facilities alone is not significantly related.",yes,216.537,33,47,"[143.69, 184.965, 203.416, 218.66, 219.77, 221.661, 248.815, 252.193, 255.66]","[0.572, 0.437, 0.376, 0.326, 0.322, 0.316, 0.227, 0.216, 0.204]","[0.865, 0.84]","[['neutral'], ['neutral'], ['neutral'], ['neutral'], ['neutral'], ['neutral'], ['neutral'], ['neutral'], ['neutral']]","[['neutral'], ['neutral']]",Are neighbourhood social capital and availability of sports facilities related to sports participation among Dutch adolescents?,71,"[159.257, 194.83, 197.698, 202.299, 161.03, 191.827, 170.184, 174.592, 183.199, 170.559, 191.569, 55.77, 166.069, 0]","[0.735, 0.662, 0.656, 0.647, 0.731, 0.668, 0.713, 0.704, 0.686, 0.712, 0.669, 0.947, 0.721, 0]","[0, 0, 0, 0, 0, 0, 0, 0, 0, 0, 0, 29.56, 23.81, 21.3]","[0, 0, 0, 0, 0, 0, 0, 0, 0, 0, 0, 1.478, 1.191, 1.065]","[0.997, 0.995, 0.993, 0.991, 0.99, 0.99, 0.987, 0.981, 0.887, 0.802, 0.387, 0.989, 0.978, 0.994]","[1, 2, 3, 4, 5, 6, 8, 9, 11, 12, 13, 7, 10, 1]",maybe,incorrect
255,256,27642458,"No, the boycott call did not significantly reduce coverage (93% vs 94% previous), though it slightly increased parental refusals.",no,216.537,33,47,"[143.69, 184.965, 203.416, 218.66, 219.77, 221.661, 248.815, 252.193, 255.66]","[0.572, 0.437, 0.376, 0.326, 0.322, 0.316, 0.227, 0.216, 0.204]","[0.865, 0.84]","[['neutral'], ['neutral'], ['neutral'], ['neutral'], ['neutral'], ['neutral'], ['neutral'], ['neutral'], ['neutral']]","[['neutral'], ['neutral']]",Did the call for boycott by the Catholic bishops affect the polio vaccination coverage in Kenya in 2015?,78,"[153.479, 114.262, 133.102, 138.495, 167.961, 152.708, 109.054, 158.379, 144.123, 119.458, 113.706, 143.459]","[0.747, 0.827, 0.788, 0.777, 0.717, 0.748, 0.838, 0.737, 0.766, 0.816, 0.828, 0.767]","[0, 0, 0, 0, 0, 0, 0, 0, 0, 29.87, 29.59, 28.73]","[0, 0, 0, 0, 0, 0, 0, 0, 0, 1.493, 1.48, 1.436]","[0.995, 0.994, 0.99, 0.99, 0.99, 0.972, 0.846, 0.651, 0.204, 0.987, 0.982, 0.941]","[1, 2, 3, 4, 5, 8, 10, 11, 12, 6, 7, 9]",no,correct
256,257,25503376,"Yes, airway surgery reduces serum lipid levels in OSA patients, especially those with pre‑operative dyslipidemia, improving TG, LDL, HDL and markedly lowering LP(a).",yes,216.537,33,47,"[143.69, 184.965, 203.416, 218.66, 219.77, 221.661, 248.815, 252.193, 255.66]","[0.572, 0.437, 0.376, 0.326, 0.322, 0.316, 0.227, 0.216, 0.204]","[0.865, 0.84]","[['neutral'], ['neutral'], ['neutral'], ['neutral'], ['neutral'], ['neutral'], ['neutral'], ['neutral'], ['neutral']]","[['neutral'], ['neutral']]",Does airway surgery lower serum lipid levels in obstructive sleep apnea patients?,78,"[180.318, 142.709, 133.368, 117.962, 182.677, 165.192, 160.955, 170.787, 62.028, 161.32, 50.73]","[0.692, 0.769, 0.788, 0.819, 0.687, 0.723, 0.732, 0.711, 0.934, 0.731, 0.957]","[0, 0, 0, 0, 0, 0, 0, 0, 20.71, 20.84, 21.29]","[0, 0, 0, 0, 0, 0, 0, 0, 1.035, 1.042, 1.064]","[0.992, 0.991, 0.99, 0.987, 0.987, 0.95, 0.872, 0.745, 0.911, 0.783, 0.298]","[1, 2, 3, 4, 5, 6, 8, 10, 7, 9, 11]",yes,correct
257,258,24318956,"Yes, digoxin use is linked to a lower prostate cancer risk, particularly in men with frequent PSA testing.",yes,216.537,33,47,"[143.69, 184.965, 203.416, 218.66, 219.77, 221.661, 248.815, 252.193, 255.66]","[0.572, 0.437, 0.376, 0.326, 0.322, 0.316, 0.227, 0.216, 0.204]","[0.865, 0.84]","[['neutral'], ['neutral'], ['neutral'], ['neutral'], ['neutral'], ['neutral'], ['neutral'], ['neutral'], ['neutral']]","[['neutral'], ['neutral']]",Is digoxin use for cardiovascular disease associated with risk of prostate cancer?,72,"[137.901, 196.575]","[0.779, 0.659]","[0, 0]","[0, 0]","[0.454, 0.435]","[1, 2]",yes,correct
258,259,26044262,"No, income‑related differences in active travel are not associated with physical environmental characteristics.",no,216.537,33,47,"[143.69, 184.965, 203.416, 218.66, 219.77, 221.661, 248.815, 252.193, 255.66]","[0.572, 0.437, 0.376, 0.326, 0.322, 0.316, 0.227, 0.216, 0.204]","[0.865, 0.84]","[['neutral'], ['neutral'], ['neutral'], ['neutral'], ['neutral'], ['neutral'], ['neutral'], ['neutral'], ['neutral']]","[['neutral'], ['neutral']]",Are income-related differences in active travel associated with physical environmental characteristics?,79,"[152.175, 156.767, 105.628, 176.004, 160.603, 149.758, 96.704, 135.023, 64.291]","[0.749, 0.74, 0.845, 0.701, 0.732, 0.754, 0.863, 0.785, 0.929]","[0, 0, 0, 0, 0, 0, 15.0, 16.23, 19.17]","[0, 0, 0, 0, 0, 0, 0.75, 0.811, 0.959]","[0.991, 0.991, 0.706, 0.17, 0.132, 0.119, 0.997, 0.995, 0.989]","[3, 4, 6, 7, 8, 9, 1, 2, 5]",no,correct
259,260,18670651,"Yes, the post‑ERCP rise in TNFα and IL‑6 (and the relative drop in IL‑4) mirrors the inflammatory surge seen in pancreatitis, whereas IL‑2 levels remain unchanged and do not track the inflammatory activity.",yes,216.537,33,47,"[143.69, 184.965, 203.416, 218.66, 219.77, 221.661, 248.815, 252.193, 255.66]","[0.572, 0.437, 0.376, 0.326, 0.322, 0.316, 0.227, 0.216, 0.204]","[0.865, 0.84]","[['neutral'], ['neutral'], ['neutral'], ['neutral'], ['neutral'], ['neutral'], ['neutral'], ['neutral'], ['neutral']]","[['neutral'], ['neutral']]","Do the changes in the serum levels of IL-2, IL-4, TNFalpha, and IL-6 reflect the inflammatory activity in the patients with post-ERCP pancreatitis?",80,"[131.67, 141.853, 132.431, 129.342, 123.963, 112.5, 132.231, 109.953]","[0.791, 0.771, 0.79, 0.796, 0.807, 0.831, 0.79, 0.836]","[0, 0, 0, 0, 0, 0, 0, 24.29]","[0, 0, 0, 0, 0, 0, 0, 1.214]","[0.992, 0.927, 0.873, 0.771, 0.579, 0.256, 0.173, 0.994]","[2, 3, 4, 5, 6, 7, 8, 1]",yes,correct
260,261,12607120,"No, the study found no significant difference in continence scores or anorectal manometry between patients with leakage and those without.",no,216.537,33,47,"[143.69, 184.965, 203.416, 218.66, 219.77, 221.661, 248.815, 252.193, 255.66]","[0.572, 0.437, 0.376, 0.326, 0.322, 0.316, 0.227, 0.216, 0.204]","[0.865, 0.84]","[['neutral'], ['neutral'], ['neutral'], ['neutral'], ['neutral'], ['neutral'], ['neutral'], ['neutral'], ['neutral']]","[['neutral'], ['neutral']]",Does anastomotic leakage affect functional outcome after rectal resection for cancer?,82,"[102.173, 133.595, 99.915, 98.814, 176.703, 132.198, 138.309, 168.621, 87.989, 83.53, 67.363]","[0.852, 0.787, 0.856, 0.859, 0.699, 0.79, 0.778, 0.716, 0.881, 0.89, 0.923]","[0, 0, 0, 0, 0, 0, 0, 0, 18.66, 20.14, 17.68]","[0, 0, 0, 0, 0, 0, 0, 0, 0.933, 1.007, 0.884]","[0.996, 0.991, 0.987, 0.975, 0.954, 0.492, 0.408, 0.163, 0.991, 0.99, 0.954]","[1, 3, 5, 6, 8, 9, 10, 11, 2, 4, 7]",no,correct
261,262,21914194,"Yes, experts across Europe still largely agree on core principles of good practice for migrant health care—such as equal access, cultural sensitivity, and empowerment—though some discordance exists on specific issues and implementation details.",yes,216.537,33,47,"[143.69, 184.965, 203.416, 218.66, 219.77, 221.661, 248.815, 252.193, 255.66]","[0.572, 0.437, 0.376, 0.326, 0.322, 0.316, 0.227, 0.216, 0.204]","[0.865, 0.84]","[['neutral'], ['neutral'], ['neutral'], ['neutral'], ['neutral'], ['neutral'], ['neutral'], ['neutral'], ['neutral']]","[['neutral'], ['neutral']]",Health care for immigrants in Europe: is there still consensus among country experts about principles of good practice?,71,"[188.424, 161.079, 194.175, 183.932, 189.276, 177.65, 137.94, 192.066, 180.922, 197.078, 175.883, 203.705, 152.847, 73.913, 0]","[0.675, 0.731, 0.664, 0.685, 0.674, 0.697, 0.779, 0.668, 0.691, 0.658, 0.701, 0.644, 0.748, 0.909, 0]","[0, 0, 0, 0, 0, 0, 0, 0, 0, 0, 0, 0, 25.04, 25.68, 18.64]","[0, 0, 0, 0, 0, 0, 0, 0, 0, 0, 0, 0, 1.252, 1.284, 0.932]","[0.997, 0.995, 0.995, 0.994, 0.993, 0.99, 0.98, 0.968, 0.954, 0.913, 0.709, 0.256, 0.997, 0.51, 0.993]","[2, 3, 4, 5, 6, 7, 8, 9, 10, 11, 12, 14, 1, 13, 2]",maybe,incorrect
262,263,24516646,"Yes, the study shows ISAC 112 is reproducible, with good intra‑, inter‑assay, inter‑batch and inter‑laboratory agreement and low coefficient‑of‑variation values.",yes,216.537,33,47,"[143.69, 184.965, 203.416, 218.66, 219.77, 221.661, 248.815, 252.193, 255.66]","[0.572, 0.437, 0.376, 0.326, 0.322, 0.316, 0.227, 0.216, 0.204]","[0.865, 0.84]","[['neutral'], ['neutral'], ['neutral'], ['neutral'], ['neutral'], ['neutral'], ['neutral'], ['neutral'], ['neutral']]","[['neutral'], ['neutral']]",Is the determination of specific IgE against components using ISAC 112 a reproducible technique?,52,"[281.914, 292.262, 256.97, 233.828, 287.133, 221.055, 280.344, 270.969, 281.805, 214.203]","[0.484, 0.463, 0.535, 0.583, 0.474, 0.609, 0.487, 0.507, 0.484, 0.623]","[0, 0, 0, 0, 0, 0, 0, 16.77, 16.61, 21.5]","[0, 0, 0, 0, 0, 0, 0, 0.839, 0.83, 1.075]","[0.995, 0.989, 0.983, 0.98, 0.946, 0.931, 0.598, 0.995, 0.994, 0.986]","[2, 4, 6, 7, 8, 9, 10, 1, 3, 5]",yes,correct
263,264,28247485,"Yes, the first urinary albumin/creatinine ratio independently predicts maternal and neonatal adverse outcomes in suspected preeclampsia.",yes,216.537,33,47,"[143.69, 184.965, 203.416, 218.66, 219.77, 221.661, 248.815, 252.193, 255.66]","[0.572, 0.437, 0.376, 0.326, 0.322, 0.316, 0.227, 0.216, 0.204]","[0.865, 0.84]","[['neutral'], ['neutral'], ['neutral'], ['neutral'], ['neutral'], ['neutral'], ['neutral'], ['neutral'], ['neutral']]","[['neutral'], ['neutral']]",Is the first urinary albumin/creatinine ratio (ACR) in women with suspected preeclampsia a prognostic factor for maternal and neonatal adverse outcome?,82,"[124.512, 101.681, 47.776, 116.914, 118.106, 178.224, 135.525, 0]","[0.806, 0.853, 0.963, 0.822, 0.819, 0.696, 0.783, 0]","[0, 0, 0, 0, 0, 0, 27.81, 24.71]","[0, 0, 0, 0, 0, 0, 1.39, 1.235]","[0.99, 0.98, 0.915, 0.899, 0.245, 0.235, 0.185, 0.117]","[1, 2, 3, 4, 5, 6, 7, 2]",yes,correct
264,265,16647887,"No, treated hypothyroidism does not increase the risk of pregnancy complications.",no,216.537,33,47,"[143.69, 184.965, 203.416, 218.66, 219.77, 221.661, 248.815, 252.193, 255.66]","[0.572, 0.437, 0.376, 0.326, 0.322, 0.316, 0.227, 0.216, 0.204]","[0.865, 0.84]","[['neutral'], ['neutral'], ['neutral'], ['neutral'], ['neutral'], ['neutral'], ['neutral'], ['neutral'], ['neutral']]","[['neutral'], ['neutral']]",Are women who are treated for hypothyroidism at risk for pregnancy complications?,74,"[165.44, 167.728, 186.655, 205.844, 178.023, 136.91, 206.459, 120.105, 68.111, 145.551]","[0.722, 0.718, 0.679, 0.64, 0.697, 0.781, 0.638, 0.815, 0.921, 0.763]","[0, 0, 0, 0, 0, 0, 0, 13.76, 14.49, 14.68]","[0, 0, 0, 0, 0, 0, 0, 0.688, 0.724, 0.734]","[0.984, 0.965, 0.963, 0.811, 0.748, 0.632, 0.502, 0.99, 0.986, 0.986]","[4, 5, 6, 7, 8, 9, 10, 1, 2, 3]",no,correct
265,266,16498158,"Yes, atropine is recommended as an adjunct to intramuscular ketamine sedation in children because it significantly reduces hypersalivation and may lower post‑procedural vomiting, with no serious adverse events reported.",yes,216.537,33,47,"[143.69, 184.965, 203.416, 218.66, 219.77, 221.661, 248.815, 252.193, 255.66]","[0.572, 0.437, 0.376, 0.326, 0.322, 0.316, 0.227, 0.216, 0.204]","[0.865, 0.84]","[['neutral'], ['neutral'], ['neutral'], ['neutral'], ['neutral'], ['neutral'], ['neutral'], ['neutral'], ['neutral']]","[['neutral'], ['neutral']]",Is atropine needed with ketamine sedation?,69,"[165.715, 200.593, 212.444, 174.05, 183.05, 208.525, 177.662, 123.456, 0]","[0.722, 0.65, 0.626, 0.705, 0.686, 0.634, 0.697, 0.808, 0]","[0, 0, 0, 0, 0, 0, 12.39, 12.06, 12.96]","[0, 0, 0, 0, 0, 0, 0.62, 0.603, 0.648]","[0.982, 0.932, 0.912, 0.767, 0.491, 0.126, 0.956, 0.325, 0.263]","[1, 3, 4, 5, 6, 8, 2, 7, 3]",yes,correct
266,267,24622801,"Yes, it reduces bacterial colonization and biofilm formation in vitro.",yes,216.537,33,47,"[143.69, 184.965, 203.416, 218.66, 219.77, 221.661, 248.815, 252.193, 255.66]","[0.572, 0.437, 0.376, 0.326, 0.322, 0.316, 0.227, 0.216, 0.204]","[0.865, 0.84]","[['neutral'], ['neutral'], ['neutral'], ['neutral'], ['neutral'], ['neutral'], ['neutral'], ['neutral'], ['neutral']]","[['neutral'], ['neutral']]",Does implant coating with antibacterial-loaded hydrogel reduce bacterial colonization and biofilm formation in vitro?,79,"[131.292, 141.88, 110.55, 151.889, 162.148, 154.66, 104.235, 118.471]","[0.792, 0.77, 0.835, 0.75, 0.729, 0.744, 0.847, 0.818]","[0, 0, 0, 0, 0, 32.87, 26.16, 27.18]","[0, 0, 0, 0, 0, 1.644, 1.308, 1.359]","[0.995, 0.994, 0.993, 0.984, 0.35, 0.994, 0.985, 0.781]","[1, 2, 4, 6, 8, 3, 5, 7]",yes,correct
267,268,11247896,"Maybe, it can inform risk‑assessment and counseling, but due to high phenotypic variability, mutation data alone rarely dictate specific surgical or surveillance choices.",maybe,216.537,33,47,"[143.69, 184.965, 203.416, 218.66, 219.77, 221.661, 248.815, 252.193, 255.66]","[0.572, 0.437, 0.376, 0.326, 0.322, 0.316, 0.227, 0.216, 0.204]","[0.865, 0.84]","[['neutral'], ['neutral'], ['neutral'], ['neutral'], ['neutral'], ['neutral'], ['neutral'], ['neutral'], ['neutral']]","[['neutral'], ['neutral']]",Can APC mutation analysis contribute to therapeutic decisions in familial adenomatous polyposis?,76,"[142.777, 155.01, 144.15, 163.948, 160.49, 175.9, 74.731, 132.076, 164.171]","[0.769, 0.744, 0.766, 0.725, 0.732, 0.701, 0.908, 0.791, 0.725]","[0, 0, 0, 0, 0, 0, 23.33, 20.05, 20.69]","[0, 0, 0, 0, 0, 0, 1.167, 1.003, 1.034]","[0.746, 0.369, 0.326, 0.29, 0.196, 0.164, 0.879, 0.677, 0.424]","[2, 5, 6, 7, 8, 9, 1, 3, 4]",maybe,correct
268,269,19145527,"Yes, most EMS professionals believe they should participate in disease prevention.",yes,216.537,33,47,"[143.69, 184.965, 203.416, 218.66, 219.77, 221.661, 248.815, 252.193, 255.66]","[0.572, 0.437, 0.376, 0.326, 0.322, 0.316, 0.227, 0.216, 0.204]","[0.865, 0.84]","[['neutral'], ['neutral'], ['neutral'], ['neutral'], ['neutral'], ['neutral'], ['neutral'], ['neutral'], ['neutral']]","[['neutral'], ['neutral']]",Do emergency medical services professionals think they should participate in disease prevention?,67,"[189.922, 196.053, 195.293, 188.218, 161.052, 173.393, 195.617, 220.373, 200.169, 170.095, 194.939, 215.841]","[0.672, 0.66, 0.661, 0.676, 0.731, 0.706, 0.661, 0.61, 0.651, 0.713, 0.662, 0.619]","[0, 0, 0, 0, 0, 0, 0, 0, 0, 0, 0, 18.15]","[0, 0, 0, 0, 0, 0, 0, 0, 0, 0, 0, 0.907]","[0.997, 0.997, 0.996, 0.994, 0.992, 0.989, 0.989, 0.943, 0.924, 0.907, 0.304, 0.933]","[1, 2, 3, 4, 5, 6, 7, 8, 10, 11, 12, 9]",maybe,incorrect
269,270,18568239,"Yes, experience improves efficiency—senior surgeons resect tissue faster and more completely—but it does not significantly change complication rates such as TUR syndrome or bleeding.",yes,216.537,33,47,"[143.69, 184.965, 203.416, 218.66, 219.77, 221.661, 248.815, 252.193, 255.66]","[0.572, 0.437, 0.376, 0.326, 0.322, 0.316, 0.227, 0.216, 0.204]","[0.865, 0.84]","[['neutral'], ['neutral'], ['neutral'], ['neutral'], ['neutral'], ['neutral'], ['neutral'], ['neutral'], ['neutral']]","[['neutral'], ['neutral']]",Is the ability to perform transurethral resection of the prostate influenced by the surgeon's previous experience?,74,"[163.33, 185.5, 113.501, 154.146, 99.904, 186.978, 205.537, 219.967, 183.396, 119.445, 116.439, 146.826]","[0.727, 0.681, 0.829, 0.745, 0.856, 0.678, 0.64, 0.611, 0.686, 0.816, 0.823, 0.76]","[0, 0, 0, 0, 0, 0, 0, 0, 0, 17.63, 21.36, 14.37]","[0, 0, 0, 0, 0, 0, 0, 0, 0, 0.881, 1.068, 0.719]","[0.994, 0.993, 0.978, 0.971, 0.815, 0.373, 0.241, 0.208, 0.175, 0.987, 0.953, 0.899]","[1, 2, 4, 5, 8, 9, 10, 11, 12, 3, 6, 7]",yes,correct
270,271,22075911,"Yes, recruits in the Army show higher dental decay and treatment needs than Royal Navy and RAF recruits, indicating a significant differential.",yes,216.537,33,47,"[143.69, 184.965, 203.416, 218.66, 219.77, 221.661, 248.815, 252.193, 255.66]","[0.572, 0.437, 0.376, 0.326, 0.322, 0.316, 0.227, 0.216, 0.204]","[0.865, 0.84]","[['neutral'], ['neutral'], ['neutral'], ['neutral'], ['neutral'], ['neutral'], ['neutral'], ['neutral'], ['neutral']]","[['neutral'], ['neutral']]",Is there a differential in the dental health of new recruits to the British Armed Forces?,73,"[186.928, 160.103, 141.151, 143.828, 162.411, 177.052, 159.63, 189.727, 147.032, 146.823, 0]","[0.678, 0.733, 0.772, 0.767, 0.729, 0.699, 0.734, 0.673, 0.76, 0.76, 0]","[0, 0, 0, 0, 0, 0, 0, 0, 16.08, 13.54, 16.43]","[0, 0, 0, 0, 0, 0, 0, 0, 0.804, 0.677, 0.822]","[0.998, 0.996, 0.995, 0.995, 0.982, 0.982, 0.958, 0.665, 0.988, 0.985, 0.22]","[1, 2, 3, 4, 7, 8, 9, 10, 5, 6, 3]",yes,correct
271,272,22768311,"Yes, evidence links HCMV infection to higher hypertension risk, though findings vary.",yes,216.537,33,47,"[143.69, 184.965, 203.416, 218.66, 219.77, 221.661, 248.815, 252.193, 255.66]","[0.572, 0.437, 0.376, 0.326, 0.322, 0.316, 0.227, 0.216, 0.204]","[0.865, 0.84]","[['neutral'], ['neutral'], ['neutral'], ['neutral'], ['neutral'], ['neutral'], ['neutral'], ['neutral'], ['neutral']]","[['neutral'], ['neutral']]",Is human cytomegalovirus infection associated with hypertension?,70,"[170.277, 206.631, 198.693, 209.132, 182.34, 127.773, 179.168, 139.478]","[0.712, 0.638, 0.654, 0.633, 0.688, 0.799, 0.694, 0.775]","[0, 0, 0, 0, 0, 0, 0, 11.12]","[0, 0, 0, 0, 0, 0, 0, 0.556]","[0.995, 0.988, 0.987, 0.985, 0.945, 0.626, 0.109, 0.992]","[1, 3, 4, 5, 6, 7, 8, 2]",no,incorrect
272,273,23359100,"Yes, etoricoxib 90 mg once daily for seven days effectively prevented heterotopic ossification after cemented primary total hip arthroplasty.",yes,216.537,33,47,"[143.69, 184.965, 203.416, 218.66, 219.77, 221.661, 248.815, 252.193, 255.66]","[0.572, 0.437, 0.376, 0.326, 0.322, 0.316, 0.227, 0.216, 0.204]","[0.865, 0.84]","[['neutral'], ['neutral'], ['neutral'], ['neutral'], ['neutral'], ['neutral'], ['neutral'], ['neutral'], ['neutral']]","[['neutral'], ['neutral']]",Is etoricoxib effective in preventing heterotopic ossification after primary total hip arthroplasty?,86,"[108.075, 67.878, 106.628, 139.17, 118.788, 146.117, 65.46, 47.908]","[0.84, 0.922, 0.843, 0.776, 0.818, 0.762, 0.927, 0.963]","[0, 0, 0, 0, 0, 0, 23.93, 26.05]","[0, 0, 0, 0, 0, 0, 1.196, 1.303]","[0.99, 0.986, 0.983, 0.818, 0.645, 0.34, 0.996, 0.145]","[2, 3, 4, 5, 6, 7, 1, 8]",yes,correct
273,274,22303473,"No, the randomized trial found that structured family meetings did not prevent the onset of depression or anxiety disorders in caregivers of dementia patients.",no,216.537,33,47,"[143.69, 184.965, 203.416, 218.66, 219.77, 221.661, 248.815, 252.193, 255.66]","[0.572, 0.437, 0.376, 0.326, 0.322, 0.316, 0.227, 0.216, 0.204]","[0.865, 0.84]","[['neutral'], ['neutral'], ['neutral'], ['neutral'], ['neutral'], ['neutral'], ['neutral'], ['neutral'], ['neutral']]","[['neutral'], ['neutral']]",Does a family meetings intervention prevent depression and anxiety in family caregivers of dementia patients?,78,"[117.737, 96.968, 170.448, 160.181, 162.24, 116.756, 161.784, 172.683, 85.718, 81.313, 170.843]","[0.82, 0.862, 0.712, 0.733, 0.729, 0.822, 0.73, 0.708, 0.885, 0.894, 0.711]","[0, 0, 0, 0, 0, 0, 0, 0, 21.0, 24.14, 21.27]","[0, 0, 0, 0, 0, 0, 0, 0, 1.05, 1.207, 1.064]","[0.995, 0.994, 0.99, 0.981, 0.975, 0.953, 0.849, 0.564, 0.992, 0.968, 0.897]","[1, 2, 4, 5, 6, 8, 10, 11, 3, 7, 9]",no,correct
274,275,24270957,"Yes, combined GH and hyperbaric oxygen therapy improves healing of left ischemic and non‑ischemic colonic anastomoses more than either treatment alone.",yes,216.537,33,47,"[143.69, 184.965, 203.416, 218.66, 219.77, 221.661, 248.815, 252.193, 255.66]","[0.572, 0.437, 0.376, 0.326, 0.322, 0.316, 0.227, 0.216, 0.204]","[0.865, 0.84]","[['neutral'], ['neutral'], ['neutral'], ['neutral'], ['neutral'], ['neutral'], ['neutral'], ['neutral'], ['neutral']]","[['neutral'], ['neutral']]",Is combined therapy more effective than growth hormone or hyperbaric oxygen alone in the healing of left ischemic and non-ischemic colonic anastomoses?,83,"[102.85, 69.134, 158.649, 124.677, 91.181, 115.729]","[0.85, 0.919, 0.736, 0.806, 0.874, 0.824]","[0, 0, 0, 0, 38.86, 29.16]","[0, 0, 0, 0, 1.943, 1.458]","[0.989, 0.967, 0.874, 0.635, 0.991, 0.693]","[2, 3, 4, 6, 1, 5]",yes,correct
275,276,9920954,"Yes, hospitals ranked high on “America’s Best Hospitals” were associated with lower 30‑day mortality for elderly acute myocardial infarction patients, largely due to higher aspirin and beta‑blocker use.",yes,216.537,33,47,"[143.69, 184.965, 203.416, 218.66, 219.77, 221.661, 248.815, 252.193, 255.66]","[0.572, 0.437, 0.376, 0.326, 0.322, 0.316, 0.227, 0.216, 0.204]","[0.865, 0.84]","[['neutral'], ['neutral'], ['neutral'], ['neutral'], ['neutral'], ['neutral'], ['neutral'], ['neutral'], ['neutral']]","[['neutral'], ['neutral']]","Do ""America's Best Hospitals"" perform better for acute myocardial infarction?",56,"[261.706, 245.847, 265.776, 199.967, 242.608, 0]","[0.526, 0.558, 0.517, 0.652, 0.565, 0]","[0, 0, 0, 16.6, 18.16, 13.99]","[0, 0, 0, 0.83, 0.908, 0.699]","[0.992, 0.928, 0.896, 0.99, 0.892, 0.245]","[1, 3, 4, 2, 5, 3]",yes,correct
276,277,24739448,"No, the FDA suicidality warning did not produce a significant change in antiepileptic drug prescription claims.",no,216.537,33,47,"[143.69, 184.965, 203.416, 218.66, 219.77, 221.661, 248.815, 252.193, 255.66]","[0.572, 0.437, 0.376, 0.326, 0.322, 0.316, 0.227, 0.216, 0.204]","[0.865, 0.84]","[['neutral'], ['neutral'], ['neutral'], ['neutral'], ['neutral'], ['neutral'], ['neutral'], ['neutral'], ['neutral']]","[['neutral'], ['neutral']]",Have antiepileptic drug prescription claims changed following the FDA suicidality warning?,77,"[162.953, 186.734, 146.934, 73.162, 136.748, 156.365, 0]","[0.727, 0.679, 0.76, 0.911, 0.781, 0.741, 0]","[0, 0, 0, 0, 20.16, 19.72, 21.8]","[0, 0, 0, 0, 1.008, 0.986, 1.09]","[0.991, 0.991, 0.984, 0.402, 0.997, 0.995, 0.171]","[3, 4, 5, 6, 1, 2, 3]",no,correct
277,278,21592383,"No, the CCB falls short of fully addressing caregiver burden; eligibility limits, low compensation, and short duration undermine its effectiveness as a public health response.",no,216.537,33,47,"[143.69, 184.965, 203.416, 218.66, 219.77, 221.661, 248.815, 252.193, 255.66]","[0.572, 0.437, 0.376, 0.326, 0.322, 0.316, 0.227, 0.216, 0.204]","[0.865, 0.84]","[['neutral'], ['neutral'], ['neutral'], ['neutral'], ['neutral'], ['neutral'], ['neutral'], ['neutral'], ['neutral']]","[['neutral'], ['neutral']]",Canada's Compassionate Care Benefit: is it an adequate public health response to addressing the issue of caregiver burden in end-of-life care?,78,"[167.36, 151.709, 133.288, 124.244, 162.695, 127.337, 156.159, 126.309, 149.689, 166.706, 56.876]","[0.718, 0.75, 0.788, 0.807, 0.728, 0.8, 0.741, 0.802, 0.755, 0.72, 0.944]","[0, 0, 0, 0, 0, 0, 0, 0, 0, 23.3, 33.41]","[0, 0, 0, 0, 0, 0, 0, 0, 0, 1.165, 1.671]","[0.995, 0.992, 0.985, 0.974, 0.971, 0.945, 0.911, 0.84, 0.376, 0.988, 0.314]","[1, 2, 4, 5, 6, 7, 8, 9, 10, 3, 11]",no,correct
278,279,11053064,"Yes, fatigue is strongly linked to fibromyalgia in primary Sjögren’s syndrome; 12 % of pSS patients had FM, all FM patients reported fatigue, and fatigue prevalence (68 %) was higher in pSS than in lupus (50 %).",yes,216.537,33,47,"[143.69, 184.965, 203.416, 218.66, 219.77, 221.661, 248.815, 252.193, 255.66]","[0.572, 0.437, 0.376, 0.326, 0.322, 0.316, 0.227, 0.216, 0.204]","[0.865, 0.84]","[['neutral'], ['neutral'], ['neutral'], ['neutral'], ['neutral'], ['neutral'], ['neutral'], ['neutral'], ['neutral']]","[['neutral'], ['neutral']]",Fatigue in primary SjÃ¶gren's syndrome: is there a link with the fibromyalgia syndrome?,61,"[233.377, 139.305, 272.927, 266.493, 193.167]","[0.583, 0.776, 0.503, 0.516, 0.666]","[0, 0, 0, 0, 14.92]","[0, 0, 0, 0, 0.746]","[0.993, 0.987, 0.984, 0.767, 0.993]","[2, 3, 4, 5, 1]",no,incorrect
279,280,24098953,"Yes, the pilot study shows IgM‑enriched IVIG reduces short‑term mortality in VLBW infants with proven sepsis, with no adverse effect on secondary outcomes; however, randomized controlled trials are required to confirm efficacy.",yes,216.537,33,47,"[143.69, 184.965, 203.416, 218.66, 219.77, 221.661, 248.815, 252.193, 255.66]","[0.572, 0.437, 0.376, 0.326, 0.322, 0.316, 0.227, 0.216, 0.204]","[0.865, 0.84]","[['neutral'], ['neutral'], ['neutral'], ['neutral'], ['neutral'], ['neutral'], ['neutral'], ['neutral'], ['neutral']]","[['neutral'], ['neutral']]",Are IgM-enriched immunoglobulins an effective adjuvant in septic VLBW infants?,75,"[202.594, 206.83, 140.612, 127.546, 75.786]","[0.646, 0.638, 0.773, 0.8, 0.906]","[0, 0, 0, 18.4, 23.36]","[0, 0, 0, 0.92, 1.168]","[0.988, 0.981, 0.168, 0.993, 0.98]","[2, 3, 5, 1, 4]",yes,correct
280,281,17329379,"Yes, the study shows GFRUP’s guidelines are largely applicable in PICU practice, with most cases following the procedure, though timing of meetings and nurse involvement pose challenges.",yes,216.537,33,47,"[143.69, 184.965, 203.416, 218.66, 219.77, 221.661, 248.815, 252.193, 255.66]","[0.572, 0.437, 0.376, 0.326, 0.322, 0.316, 0.227, 0.216, 0.204]","[0.865, 0.84]","[['neutral'], ['neutral'], ['neutral'], ['neutral'], ['neutral'], ['neutral'], ['neutral'], ['neutral'], ['neutral']]","[['neutral'], ['neutral']]",Are the GFRUP's recommendations for withholding or withdrawing treatments in critically ill children applicable?,64,"[258.727, 258.435, 240.1, 209.501, 223.232, 81.692, 172.253]","[0.532, 0.532, 0.57, 0.632, 0.604, 0.894, 0.708]","[0, 0, 0, 0, 11.79, 17.68, 12.69]","[0, 0, 0, 0, 0.59, 0.884, 0.635]","[0.989, 0.987, 0.959, 0.956, 0.994, 0.548, 0.136]","[2, 3, 4, 5, 1, 6, 7]",yes,correct
281,282,27288618,"No, inhaled prophylactic heparin did not reduce ventilator‑associated pneumonia or improve outcomes in mechanically ventilated ICU patients.",no,216.537,33,47,"[143.69, 184.965, 203.416, 218.66, 219.77, 221.661, 248.815, 252.193, 255.66]","[0.572, 0.437, 0.376, 0.326, 0.322, 0.316, 0.227, 0.216, 0.204]","[0.865, 0.84]","[['neutral'], ['neutral'], ['neutral'], ['neutral'], ['neutral'], ['neutral'], ['neutral'], ['neutral'], ['neutral']]","[['neutral'], ['neutral']]",Is inhaled prophylactic heparin useful for prevention and Management of Pneumonia in ventilated ICU patients?,71,"[223.502, 184.835, 106.859, 170.185, 0]","[0.604, 0.683, 0.842, 0.713, 0]","[0, 0, 16.08, 18.2, 21.39]","[0, 0, 0.804, 0.91, 1.07]","[0.716, 0.493, 0.989, 0.295, 0.99]","[2, 3, 1, 4, 2]",no,correct
282,283,25810292,"Yes, the study demonstrates high reproducibility and routine applicability of minimally invasive mitral valve repair with artificial chords.",yes,216.537,33,47,"[143.69, 184.965, 203.416, 218.66, 219.77, 221.661, 248.815, 252.193, 255.66]","[0.572, 0.437, 0.376, 0.326, 0.322, 0.316, 0.227, 0.216, 0.204]","[0.865, 0.84]","[['neutral'], ['neutral'], ['neutral'], ['neutral'], ['neutral'], ['neutral'], ['neutral'], ['neutral'], ['neutral']]","[['neutral'], ['neutral']]",Is minimally invasive mitral valve repair with artificial chords reproducible and applicable in routine surgery?,77,"[145.193, 166.193, 138.165, 151.226, 184.733, 120.894, 165.55, 154.149, 119.239, 98.532]","[0.764, 0.721, 0.778, 0.751, 0.683, 0.813, 0.722, 0.745, 0.817, 0.859]","[0, 0, 0, 0, 0, 0, 0, 24.81, 29.05, 29.55]","[0, 0, 0, 0, 0, 0, 0, 1.241, 1.452, 1.477]","[0.996, 0.996, 0.993, 0.993, 0.992, 0.989, 0.397, 0.996, 0.993, 0.988]","[1, 3, 5, 6, 7, 8, 10, 2, 4, 9]",yes,correct
283,284,16216859,"No, a well‑developed collateral circulation does not predispose to restenosis after PCI.",no,216.537,33,47,"[143.69, 184.965, 203.416, 218.66, 219.77, 221.661, 248.815, 252.193, 255.66]","[0.572, 0.437, 0.376, 0.326, 0.322, 0.316, 0.227, 0.216, 0.204]","[0.865, 0.84]","[['neutral'], ['neutral'], ['neutral'], ['neutral'], ['neutral'], ['neutral'], ['neutral'], ['neutral'], ['neutral']]","[['neutral'], ['neutral']]",Does a well developed collateral circulation predispose to restenosis after percutaneous coronary intervention?,84,"[137.083, 79.279, 106.398]","[0.78, 0.898, 0.843]","[15.87, 25.86, 23.43]","[0.793, 1.293, 1.172]","[0.982, 0.96, 0.631]","[1, 2, 3]",no,correct
284,285,22521460,"No, early cesarean delivery does not significantly improve maternal or perinatal outcomes compared with planned vaginal delivery in eclamptic women.",no,216.537,33,47,"[143.69, 184.965, 203.416, 218.66, 219.77, 221.661, 248.815, 252.193, 255.66]","[0.572, 0.437, 0.376, 0.326, 0.322, 0.316, 0.227, 0.216, 0.204]","[0.865, 0.84]","[['neutral'], ['neutral'], ['neutral'], ['neutral'], ['neutral'], ['neutral'], ['neutral'], ['neutral'], ['neutral']]","[['neutral'], ['neutral']]",Does route of delivery affect maternal and perinatal outcome in women with eclampsia?,69,"[172.757, 199.194, 172.127, 196.881, 221.497, 188.448, 215.827, 167.017, 184.511, 76.708]","[0.707, 0.653, 0.709, 0.658, 0.608, 0.675, 0.619, 0.719, 0.683, 0.904]","[0, 0, 0, 0, 0, 0, 0, 19.49, 15.17, 21.05]","[0, 0, 0, 0, 0, 0, 0, 0.975, 0.758, 1.052]","[0.992, 0.992, 0.953, 0.938, 0.931, 0.737, 0.157, 0.992, 0.991, 0.942]","[2, 3, 5, 7, 8, 9, 10, 1, 4, 6]",no,correct
285,286,19578820,"Yes, most records include opioid dependence and MMT, but 30% lack opioid‑dependence documentation and 11% lack MMT documentation.",yes,216.537,33,47,"[143.69, 184.965, 203.416, 218.66, 219.77, 221.661, 248.815, 252.193, 255.66]","[0.572, 0.437, 0.376, 0.326, 0.322, 0.316, 0.227, 0.216, 0.204]","[0.865, 0.84]","[['neutral'], ['neutral'], ['neutral'], ['neutral'], ['neutral'], ['neutral'], ['neutral'], ['neutral'], ['neutral']]","[['neutral'], ['neutral']]",Are opioid dependence and methadone maintenance treatment (MMT) documented in the medical record?,75,"[114.844, 170.313, 156.476, 138.92, 125.692, 172.02, 185.956, 110.542, 147.229, 189.957]","[0.826, 0.712, 0.741, 0.777, 0.804, 0.709, 0.68, 0.835, 0.76, 0.672]","[0, 0, 0, 0, 0, 0, 0, 21.85, 20.44, 19.02]","[0, 0, 0, 0, 0, 0, 0, 1.093, 1.022, 0.951]","[0.997, 0.997, 0.996, 0.99, 0.989, 0.97, 0.468, 0.995, 0.995, 0.931]","[1, 2, 3, 6, 7, 8, 10, 4, 5, 9]",maybe,incorrect
286,287,21228436,"Yes, the study found that an experiential curriculum on medication error investigation led to significant positive shifts in students’ safety attitudes, increased awareness of error potential, and greater comfort reporting issues.",yes,216.537,33,47,"[143.69, 184.965, 203.416, 218.66, 219.77, 221.661, 248.815, 252.193, 255.66]","[0.572, 0.437, 0.376, 0.326, 0.322, 0.316, 0.227, 0.216, 0.204]","[0.865, 0.84]","[['neutral'], ['neutral'], ['neutral'], ['neutral'], ['neutral'], ['neutral'], ['neutral'], ['neutral'], ['neutral']]","[['neutral'], ['neutral']]",Can teaching medical students to investigate medication errors change their attitudes towards patient safety?,77,"[150.396, 157.315, 164.061, 154.916, 144.477, 158.832, 150.528, 142.757, 155.207, 61.672, 124.144, 150.588]","[0.753, 0.739, 0.725, 0.744, 0.765, 0.736, 0.753, 0.769, 0.743, 0.934, 0.807, 0.753]","[0, 0, 0, 0, 0, 0, 0, 0, 0, 25.16, 17.95, 18.16]","[0, 0, 0, 0, 0, 0, 0, 0, 0, 1.258, 0.898, 0.908]","[0.996, 0.995, 0.994, 0.993, 0.99, 0.934, 0.817, 0.32, 0.195, 0.981, 0.955, 0.728]","[1, 2, 3, 4, 5, 8, 9, 11, 12, 6, 7, 10]",yes,correct
287,288,23506394,"Yes, the study shows malnutrition is common in hemodialysis patients and correlates with arterial calcification and higher BMP2/MGP expression, indicating it may act as a new inducer.",yes,216.537,33,47,"[143.69, 184.965, 203.416, 218.66, 219.77, 221.661, 248.815, 252.193, 255.66]","[0.572, 0.437, 0.376, 0.326, 0.322, 0.316, 0.227, 0.216, 0.204]","[0.865, 0.84]","[['neutral'], ['neutral'], ['neutral'], ['neutral'], ['neutral'], ['neutral'], ['neutral'], ['neutral'], ['neutral']]","[['neutral'], ['neutral']]","Malnutrition, a new inducer for arterial calcification in hemodialysis patients?",74,"[69.308, 194.159, 195.807, 192.855, 160.093, 141.155]","[0.919, 0.664, 0.66, 0.666, 0.733, 0.772]","[0, 0, 0, 0, 0, 19.81]","[0, 0, 0, 0, 0, 0.991]","[0.984, 0.973, 0.896, 0.787, 0.657, 0.401]","[1, 2, 3, 4, 5, 6]",yes,correct
288,289,15483019,"Yes, patients eligible for adjuvant chemotherapy after cystectomy show better survival and lower progression rates, indicating a favorable prognostic factor.",yes,216.537,33,47,"[143.69, 184.965, 203.416, 218.66, 219.77, 221.661, 248.815, 252.193, 255.66]","[0.572, 0.437, 0.376, 0.326, 0.322, 0.316, 0.227, 0.216, 0.204]","[0.865, 0.84]","[['neutral'], ['neutral'], ['neutral'], ['neutral'], ['neutral'], ['neutral'], ['neutral'], ['neutral'], ['neutral']]","[['neutral'], ['neutral']]",Is eligibility for a chemotherapy protocol a good prognostic factor for invasive bladder cancer after radical cystectomy?,78,"[137.63, 131.872, 173.173, 187.366, 111.353, 83.997]","[0.779, 0.791, 0.707, 0.678, 0.833, 0.889]","[0, 0, 0, 0, 17.22, 28.94]","[0, 0, 0, 0, 0.861, 1.447]","[0.996, 0.822, 0.167, 0.142, 0.993, 0.264]","[1, 3, 5, 6, 2, 4]",yes,correct
289,290,24783217,"Yes, Ki‑67 can help predict response to neoadjuvant chemotherapy, with higher proliferation indices often correlating with better pathological complete response, though results vary and cut‑offs lack standardization.",yes,216.537,33,47,"[143.69, 184.965, 203.416, 218.66, 219.77, 221.661, 248.815, 252.193, 255.66]","[0.572, 0.437, 0.376, 0.326, 0.322, 0.316, 0.227, 0.216, 0.204]","[0.865, 0.84]","[['neutral'], ['neutral'], ['neutral'], ['neutral'], ['neutral'], ['neutral'], ['neutral'], ['neutral'], ['neutral']]","[['neutral'], ['neutral']]",Can ki-67 play a role in prediction of breast cancer patients' response to neoadjuvant chemotherapy?,68,"[206.511, 199.517, 176.779, 186.79, 166.806, 189.313, 199.814, 168.082, 183.071, 175.201, 200.792, 173.53, 0]","[0.638, 0.653, 0.699, 0.679, 0.72, 0.674, 0.652, 0.717, 0.686, 0.702, 0.65, 0.706, 0]","[0, 0, 0, 0, 0, 0, 0, 0, 0, 0, 0, 16.98, 17.68]","[0, 0, 0, 0, 0, 0, 0, 0, 0, 0, 0, 0.849, 0.884]","[0.993, 0.992, 0.991, 0.979, 0.975, 0.967, 0.958, 0.954, 0.887, 0.85, 0.541, 0.961, 0.989]","[1, 2, 3, 4, 5, 6, 8, 9, 10, 11, 12, 7, 1]",yes,correct
290,291,17916877,"Yes, a 15‑min infusion lowers akathisia incidence (29.3 % vs 6.5 %) without altering headache relief—pain scores improved similarly for both 2‑min bolus and 15‑min infusion.",yes,216.537,33,47,"[143.69, 184.965, 203.416, 218.66, 219.77, 221.661, 248.815, 252.193, 255.66]","[0.572, 0.437, 0.376, 0.326, 0.322, 0.316, 0.227, 0.216, 0.204]","[0.865, 0.84]","[['neutral'], ['neutral'], ['neutral'], ['neutral'], ['neutral'], ['neutral'], ['neutral'], ['neutral'], ['neutral']]","[['neutral'], ['neutral']]",Intravenous administration of metoclopramide by 2 min bolus vs 15 min infusion: does it affect the improvement of headache while reducing the side effects?,83,"[126.823, 104.074, 169.997, 57.671]","[0.801, 0.848, 0.713, 0.943]","[0, 0, 0, 34.98]","[0, 0, 0, 1.749]","[0.963, 0.196, 0.157, 0.364]","[1, 3, 4, 2]",yes,correct
291,292,22513023,"No, overall they do not age prematurely; only some conditions (e.g., hypertension, respiratory disease, diabetes) appear earlier.",no,216.537,33,47,"[143.69, 184.965, 203.416, 218.66, 219.77, 221.661, 248.815, 252.193, 255.66]","[0.572, 0.437, 0.376, 0.326, 0.322, 0.316, 0.227, 0.216, 0.204]","[0.865, 0.84]","[['neutral'], ['neutral'], ['neutral'], ['neutral'], ['neutral'], ['neutral'], ['neutral'], ['neutral'], ['neutral']]","[['neutral'], ['neutral']]",Do Indigenous Australians age prematurely?,45,"[200.893, 324.404, 329.783, 287.125, 268.718, 332.076, 334.083, 294.129]","[0.65, 0.397, 0.386, 0.474, 0.511, 0.382, 0.378, 0.459]","[0, 0, 0, 0, 0, 0, 0, 11.29]","[0, 0, 0, 0, 0, 0, 0, 0.564]","[0.994, 0.994, 0.994, 0.973, 0.97, 0.918, 0.164, 0.995]","[2, 3, 4, 5, 6, 7, 8, 1]",no,correct
292,293,27146470,"No, adherence is low; about 36 % of patients missed doses or appointments, and only 13.9 % received direct observation, indicating poor compliance.",no,216.537,33,47,"[143.69, 184.965, 203.416, 218.66, 219.77, 221.661, 248.815, 252.193, 255.66]","[0.572, 0.437, 0.376, 0.326, 0.322, 0.316, 0.227, 0.216, 0.204]","[0.865, 0.84]","[['neutral'], ['neutral'], ['neutral'], ['neutral'], ['neutral'], ['neutral'], ['neutral'], ['neutral'], ['neutral']]","[['neutral'], ['neutral']]",Are tuberculosis patients adherent to prescribed treatments in China?,60,"[252.704, 220.741, 244.88, 224.21, 257.339, 265.476, 101.36]","[0.544, 0.609, 0.56, 0.602, 0.534, 0.518, 0.853]","[0, 0, 0, 0, 0, 0, 13.76]","[0, 0, 0, 0, 0, 0, 0.688]","[0.996, 0.995, 0.992, 0.979, 0.962, 0.912, 0.993]","[1, 2, 4, 5, 6, 7, 3]",maybe,incorrect
293,294,23147106,"No, peak concentration is not required; trough levels and AUC/MIC are adequate for efficacy and safety monitoring.",no,216.537,33,47,"[143.69, 184.965, 203.416, 218.66, 219.77, 221.661, 248.815, 252.193, 255.66]","[0.572, 0.437, 0.376, 0.326, 0.322, 0.316, 0.227, 0.216, 0.204]","[0.865, 0.84]","[['neutral'], ['neutral'], ['neutral'], ['neutral'], ['neutral'], ['neutral'], ['neutral'], ['neutral'], ['neutral']]","[['neutral'], ['neutral']]",Is peak concentration needed in therapeutic drug monitoring of vancomycin?,69,"[187.782, 209.19, 196.053, 203.453, 141.382, 197.828, 162.209, 159.261, 0]","[0.677, 0.633, 0.66, 0.645, 0.772, 0.656, 0.729, 0.735, 0]","[0, 0, 0, 0, 0, 0, 19.31, 15.67, 14.77]","[0, 0, 0, 0, 0, 0, 0.965, 0.784, 0.739]","[0.986, 0.981, 0.978, 0.812, 0.57, 0.199, 0.996, 0.99, 0.807]","[3, 4, 5, 6, 7, 8, 1, 2, 3]",no,correct